Season,Date,Match,Opponent,Goals_Creighton,Goals_Opp,Goals_Diff,xG_Creighton,xG_Opp,xG_Diff,Shots_Creighton,Shots_Opp,Shots_Diff,ShotsOnTarget_Creighton,ShotsOnTarget_Opp,ShotsOnTarget_Diff,ShotsOnTarget_pct_Creighton,ShotsOnTarget_pct_Opp,ShotsOnTarget_pct_Diff,Passes_Creighton,Passes_Opp,Passes_Diff,PassesAccurate_Creighton,PassesAccurate_Opp,PassesAccurate_Diff,PassAccuracy_pct_Creighton,PassAccuracy_pct_Opp,PassAccuracy_pct_Diff,Possession_pct_Creighton,Possession_pct_Opp,Possession_pct_Diff,Losses_Creighton,Losses_Opp,Losses_Diff,Losses_Low_Creighton,Losses_Low_Opp,Losses_Low_Diff,Losses_Medium_Creighton,Losses_Medium_Opp,Losses_Medium_Diff,Losses_High_Creighton,Losses_High_Opp,Losses_High_Diff,Recoveries_Creighton,Recoveries_Opp,Recoveries_Diff,Recoveries_Low_Creighton,Recoveries_Low_Opp,Recoveries_Low_Diff,Recoveries_Medium_Creighton,Recoveries_Medium_Opp,Recoveries_Medium_Diff,Recoveries_High_Creighton,Recoveries_High_Opp,Recoveries_High_Diff,Duels_Creighton,Duels_Opp,Duels_Diff,DuelsWon_Creighton,DuelsWon_Opp,DuelsWon_Diff,DuelsWon_pct_Creighton,DuelsWon_pct_Opp,DuelsWon_pct_Diff,ShotsOutsideBox_Creighton,ShotsOutsideBox_Opp,ShotsOutsideBox_Diff,ShotsOutsideBox_OnTarget_Creighton,ShotsOutsideBox_OnTarget_Opp,ShotsOutsideBox_OnTarget_Diff,ShotsOutsideBox_OnTarget_pct_Creighton,ShotsOutsideBox_OnTarget_pct_Opp,ShotsOutsideBox_OnTarget_pct_Diff,PositionalAttacks_Creighton,PositionalAttacks_Opp,PositionalAttacks_Diff,PositionalAttacks_withShots_Creighton,PositionalAttacks_withShots_Opp,PositionalAttacks_withShots_Diff,PositionalAttacks_withShots_pct_Creighton,PositionalAttacks_withShots_pct_Opp,PositionalAttacks_withShots_pct_Diff,Counterattacks_Creighton,Counterattacks_Opp,Counterattacks_Diff,Counterattacks_withShots_Creighton,Counterattacks_withShots_Opp,Counterattacks_withShots_Diff,Counterattacks_withShots_pct_Creighton,Counterattacks_withShots_pct_Opp,Counterattacks_withShots_pct_Diff,SetPieces_Creighton,SetPieces_Opp,SetPieces_Diff,SetPieces_withShots_Creighton,SetPieces_withShots_Opp,SetPieces_withShots_Diff,SetPieces_withShots_pct_Creighton,SetPieces_withShots_pct_Opp,SetPieces_withShots_pct_Diff,Corners_Creighton,Corners_Opp,Corners_Diff,Corners_withShots_Creighton,Corners_withShots_Opp,Corners_withShots_Diff,Corners_withShots_pct_Creighton,Corners_withShots_pct_Opp,Corners_withShots_pct_Diff,FreeKicks_Creighton,FreeKicks_Opp,FreeKicks_Diff,FreeKicks_withShots_Creighton,FreeKicks_withShots_Opp,FreeKicks_withShots_Diff,FreeKicks_withShots_pct_Creighton,FreeKicks_withShots_pct_Opp,FreeKicks_withShots_pct_Diff,Penalties_Creighton,Penalties_Opp,Penalties_Diff,Penalties_Converted_Creighton,Penalties_Converted_Opp,Penalties_Converted_Diff,Penalties_Converted_pct_Creighton,Penalties_Converted_pct_Opp,Penalties_Converted_pct_Diff,Crosses_Creighton,Crosses_Opp,Crosses_Diff,CrossesAccurate_Creighton,CrossesAccurate_Opp,CrossesAccurate_Diff,CrossesAccurate_pct_Creighton,CrossesAccurate_pct_Opp,CrossesAccurate_pct_Diff,DeepCompletedCrosses_Creighton,DeepCompletedCrosses_Opp,DeepCompletedCrosses_Diff,DeepCompletedPasses_Creighton,DeepCompletedPasses_Opp,DeepCompletedPasses_Diff,PenaltyAreaEntries_Creighton,PenaltyAreaEntries_Opp,PenaltyAreaEntries_Diff,PenaltyAreaEntries_Runs_Creighton,PenaltyAreaEntries_Runs_Opp,PenaltyAreaEntries_Runs_Diff,PenaltyAreaEntries_Crosses_Creighton,PenaltyAreaEntries_Crosses_Opp,PenaltyAreaEntries_Crosses_Diff,TouchesInPenaltyArea_Creighton,TouchesInPenaltyArea_Opp,TouchesInPenaltyArea_Diff,OffensiveDuels_Creighton,OffensiveDuels_Opp,OffensiveDuels_Diff,OffensiveDuelsWon_Creighton,OffensiveDuelsWon_Opp,OffensiveDuelsWon_Diff,OffensiveDuelsWon_pct_Creighton,OffensiveDuelsWon_pct_Opp,OffensiveDuelsWon_pct_Diff,Offsides_Creighton,Offsides_Opp,Offsides_Diff,ConcededGoals_Creighton,ConcededGoals_Opp,ConcededGoals_Diff,ShotsAgainst_Creighton,ShotsAgainst_Opp,ShotsAgainst_Diff,ShotsAgainstOnTarget_Creighton,ShotsAgainstOnTarget_Opp,ShotsAgainstOnTarget_Diff,ShotsAgainstOnTarget_pct_Creighton,ShotsAgainstOnTarget_pct_Opp,ShotsAgainstOnTarget_pct_Diff,DefensiveDuels_Creighton,DefensiveDuels_Opp,DefensiveDuels_Diff,DefensiveDuelsWon_Creighton,DefensiveDuelsWon_Opp,DefensiveDuelsWon_Diff,DefensiveDuelsWon_pct_Creighton,DefensiveDuelsWon_pct_Opp,DefensiveDuelsWon_pct_Diff,AerialDuels_Creighton,AerialDuels_Opp,AerialDuels_Diff,AerialDuelsWon_Creighton,AerialDuelsWon_Opp,AerialDuelsWon_Diff,AerialDuelsWon_pct_Creighton,AerialDuelsWon_pct_Opp,AerialDuelsWon_pct_Diff,SlidingTackles_Creighton,SlidingTackles_Opp,SlidingTackles_Diff,SlidingTacklesSuccessful_Creighton,SlidingTacklesSuccessful_Opp,SlidingTacklesSuccessful_Diff,SlidingTacklesSuccessful_pct_Creighton,SlidingTacklesSuccessful_pct_Opp,SlidingTacklesSuccessful_pct_Diff,Interceptions_Creighton,Interceptions_Opp,Interceptions_Diff,Clearances_Creighton,Clearances_Opp,Clearances_Diff,Fouls_Creighton,Fouls_Opp,Fouls_Diff,YellowCards_Creighton,YellowCards_Opp,YellowCards_Diff,RedCards_Creighton,RedCards_Opp,RedCards_Diff,ForwardPasses_Creighton,ForwardPasses_Opp,ForwardPasses_Diff,ForwardPassesAccurate_Creighton,ForwardPassesAccurate_Opp,ForwardPassesAccurate_Diff,ForwardPassesAccurate_pct_Creighton,ForwardPassesAccurate_pct_Opp,ForwardPassesAccurate_pct_Diff,BackPasses_Creighton,BackPasses_Opp,BackPasses_Diff,BackPassesAccurate_Creighton,BackPassesAccurate_Opp,BackPassesAccurate_Diff,BackPassesAccurate_pct_Creighton,BackPassesAccurate_pct_Opp,BackPassesAccurate_pct_Diff,LateralPasses_Creighton,LateralPasses_Opp,LateralPasses_Diff,LateralPassesAccurate_Creighton,LateralPassesAccurate_Opp,LateralPassesAccurate_Diff,LateralPassesAccurate_pct_Creighton,LateralPassesAccurate_pct_Opp,LateralPassesAccurate_pct_Diff,LongPasses_Creighton,LongPasses_Opp,LongPasses_Diff,LongPassesAccurate_Creighton,LongPassesAccurate_Opp,LongPassesAccurate_Diff,LongPassesAccurate_pct_Creighton,LongPassesAccurate_pct_Opp,LongPassesAccurate_pct_Diff,PassesToFinalThird_Creighton,PassesToFinalThird_Opp,PassesToFinalThird_Diff,PassesToFinalThirdAccurate_Creighton,PassesToFinalThirdAccurate_Opp,PassesToFinalThirdAccurate_Diff,PassesToFinalThirdAccurate_pct_Creighton,PassesToFinalThirdAccurate_pct_Opp,PassesToFinalThirdAccurate_pct_Diff,ProgressivePasses_Creighton,ProgressivePasses_Opp,ProgressivePasses_Diff,ProgressivePassesAccurate_Creighton,ProgressivePassesAccurate_Opp,ProgressivePassesAccurate_Diff,ProgressivePassesAccurate_pct_Creighton,ProgressivePassesAccurate_pct_Opp,ProgressivePassesAccurate_pct_Diff,SmartPasses_Creighton,SmartPasses_Opp,SmartPasses_Diff,SmartPassesAccurate_Creighton,SmartPassesAccurate_Opp,SmartPassesAccurate_Diff,SmartPassesAccurate_pct_Creighton,SmartPassesAccurate_pct_Opp,SmartPassesAccurate_pct_Diff,ThrowIns_Creighton,ThrowIns_Opp,ThrowIns_Diff,ThrowInsAccurate_Creighton,ThrowInsAccurate_Opp,ThrowInsAccurate_Diff,ThrowInsAccurate_pct_Creighton,ThrowInsAccurate_pct_Opp,ThrowInsAccurate_pct_Diff,GoalKicks_Creighton,GoalKicks_Opp,GoalKicks_Diff,MatchTempo_Creighton,MatchTempo_Opp,MatchTempo_Diff,AvgPassesPerPossession_Creighton,AvgPassesPerPossession_Opp,AvgPassesPerPossession_Diff,LongPass_pct_Creighton,LongPass_pct_Opp,LongPass_pct_Diff,AvgShotDistance_Creighton,AvgShotDistance_Opp,AvgShotDistance_Diff,AvgPassLength_Creighton,AvgPassLength_Opp,AvgPassLength_Diff,PPDA_Creighton,PPDA_Opp,PPDA_Diff,Result
2022,2022-11-13,Georgetown Hoyas - Creighton Bluejays 0:3,Georgetown Hoyas,3.0,0.0,3.0,1.9,0.7,1.2,15.0,12.0,3.0,8.0,3.0,5.0,53.33,25.0,28.33,449.0,513.0,-64.0,362.0,406.0,-44.0,80.62,79.14,1.480000000000004,46.48,53.52,-7.040000000000006,136.0,150.0,-14.0,29.0,22.0,7.0,52.0,56.0,-4.0,55.0,72.0,-17.0,104.0,101.0,3.0,50.0,46.0,4.0,40.0,38.0,2.0,14.0,17.0,-3.0,221.0,221.0,0.0,107.0,112.0,-5.0,48.42,50.68,-2.259999999999998,5.0,7.0,-2.0,1.0,2.0,-1.0,20.0,28.57,-8.57,33.0,34.0,-1.0,11.0,7.0,4.0,33.33,20.59,12.739999999999998,0.0,0.0,0.0,0.0,0.0,0.0,0.0,0.0,0.0,27.0,34.0,-7.0,3.0,5.0,-2.0,11.11,14.71,-3.6000000000000014,3.0,9.0,-6.0,1.0,2.0,-1.0,33.33,22.22,11.11,1.0,0.0,1.0,0.0,0.0,0.0,0.0,0.0,0.0,0.0,0.0,0.0,0.0,0.0,0.0,0.0,0.0,0.0,7.0,15.0,-8.0,1.0,5.0,-4.0,14.29,33.33,-19.04,1.0,4.0,-3.0,9.0,12.0,-3.0,20.0,34.0,-14.0,6.0,7.0,-1.0,5.0,9.0,-4.0,20.0,19.0,1.0,65.0,87.0,-22.0,24.0,38.0,-14.0,36.92,43.68,-6.759999999999998,1.0,4.0,-3.0,0.0,3.0,-3.0,12.0,15.0,-3.0,3.0,8.0,-5.0,25.0,53.33,-28.33,87.0,65.0,22.0,49.0,41.0,8.0,56.32,63.08,-6.759999999999998,49.0,49.0,0.0,28.0,20.0,8.0,57.14,40.82,16.32,6.0,4.0,2.0,1.0,3.0,-2.0,16.67,75.0,-58.33,59.0,35.0,24.0,24.0,8.0,16.0,18.0,11.0,7.0,3.0,1.0,2.0,0.0,0.0,0.0,184.0,186.0,-2.0,131.0,121.0,10.0,71.2,65.05,6.150000000000006,62.0,74.0,-12.0,60.0,69.0,-9.0,96.77,93.24,3.530000000000001,141.0,182.0,-41.0,120.0,161.0,-41.0,85.11,88.46,-3.3499999999999943,69.0,57.0,12.0,37.0,25.0,12.0,53.62,43.86,9.759999999999998,57.0,78.0,-21.0,35.0,51.0,-16.0,61.4,65.38,-3.979999999999997,77.0,102.0,-25.0,55.0,66.0,-11.0,71.43,64.71,6.720000000000013,8.0,3.0,5.0,5.0,1.0,4.0,62.5,33.33,29.17,23.0,28.0,-5.0,17.0,23.0,-6.0,73.91,82.14,-8.230000000000004,10.0,7.0,3.0,17.28,17.15,0.13000000000000256,3.48,3.89,-0.41000000000000014,15.37,11.11,4.26,21.21,20.36,0.8500000000000014,19.75,20.21,-0.46000000000000085,7.63,11.33,-3.7,Win
2022,2022-11-10,Seton Hall Pirates - Creighton Bluejays 0:6,Seton Hall Pirates,6.0,0.0,6.0,2.81,0.96,1.85,8.0,14.0,-6.0,7.0,1.0,6.0,87.5,7.14,80.36,546.0,377.0,169.0,468.0,288.0,180.0,85.71,76.39,9.319999999999993,57.9,42.1,15.799999999999997,142.0,116.0,26.0,35.0,13.0,22.0,53.0,34.0,19.0,54.0,69.0,-15.0,94.0,91.0,3.0,50.0,35.0,15.0,35.0,36.0,-1.0,9.0,20.0,-11.0,251.0,251.0,0.0,113.0,128.0,-15.0,45.02,51.0,-5.979999999999997,0.0,12.0,-12.0,0.0,1.0,-1.0,0.0,8.33,-8.33,24.0,43.0,-19.0,4.0,10.0,-6.0,16.67,23.26,-6.59,0.0,0.0,0.0,0.0,0.0,0.0,0.0,0.0,0.0,30.0,27.0,3.0,3.0,4.0,-1.0,10.0,14.81,-4.8100000000000005,7.0,4.0,3.0,3.0,2.0,1.0,42.86,50.0,-7.140000000000001,2.0,7.0,-5.0,0.0,1.0,-1.0,0.0,14.29,-14.29,1.0,0.0,1.0,1.0,0.0,1.0,100.0,0.0,100.0,11.0,14.0,-3.0,8.0,1.0,7.0,72.73,7.14,65.59,8.0,1.0,7.0,5.0,3.0,2.0,25.0,21.0,4.0,4.0,2.0,2.0,7.0,9.0,-2.0,18.0,10.0,8.0,73.0,82.0,-9.0,30.0,40.0,-10.0,41.1,48.78,-7.68,1.0,3.0,-2.0,0.0,6.0,-6.0,14.0,8.0,6.0,1.0,7.0,-6.0,7.14,87.5,-80.36,82.0,73.0,9.0,42.0,43.0,-1.0,51.22,58.9,-7.68,57.0,57.0,0.0,27.0,26.0,1.0,47.37,45.61,1.759999999999998,0.0,4.0,-4.0,0.0,1.0,-1.0,0.0,25.0,-25.0,50.0,37.0,13.0,27.0,13.0,14.0,19.0,13.0,6.0,3.0,2.0,1.0,0.0,0.0,0.0,167.0,148.0,19.0,122.0,95.0,27.0,73.05,64.19,8.86,77.0,63.0,14.0,72.0,60.0,12.0,93.51,95.24,-1.7299999999999898,241.0,118.0,123.0,224.0,97.0,127.0,92.95,82.2,10.75,53.0,74.0,-21.0,25.0,46.0,-21.0,47.17,62.16,-14.989999999999995,53.0,59.0,-6.0,33.0,36.0,-3.0,62.26,61.02,1.2399999999999949,90.0,86.0,4.0,65.0,62.0,3.0,72.22,72.09,0.12999999999999545,3.0,3.0,0.0,2.0,0.0,2.0,66.67,0.0,66.67,22.0,31.0,-9.0,14.0,30.0,-16.0,63.64,96.77,-33.129999999999995,8.0,3.0,5.0,16.62,15.78,0.8400000000000016,4.59,2.95,1.6399999999999997,9.71,19.63,-9.919999999999998,9.02,23.54,-14.52,20.39,23.13,-2.7399999999999984,8.28,18.17,-9.890000000000002,Win
2022,2022-11-06,Xavier Musketeers - Creighton Bluejays 1:2,Xavier Musketeers,2.0,1.0,1.0,0.98,0.94,0.040000000000000036,5.0,11.0,-6.0,2.0,6.0,-4.0,40.0,54.55,-14.549999999999997,392.0,415.0,-23.0,297.0,320.0,-23.0,75.77,77.11,-1.3400000000000034,47.98,52.02,-4.040000000000006,127.0,141.0,-14.0,19.0,20.0,-1.0,56.0,38.0,18.0,52.0,83.0,-31.0,101.0,107.0,-6.0,60.0,48.0,12.0,30.0,47.0,-17.0,11.0,12.0,-1.0,251.0,251.0,0.0,127.0,115.0,12.0,50.6,45.82,4.780000000000001,2.0,6.0,-4.0,0.0,3.0,-3.0,0.0,50.0,-50.0,23.0,43.0,-20.0,2.0,7.0,-5.0,8.7,16.28,-7.580000000000002,0.0,1.0,-1.0,0.0,0.0,0.0,0.0,0.0,0.0,25.0,20.0,5.0,2.0,3.0,-1.0,8.0,15.0,-7.0,1.0,3.0,-2.0,1.0,2.0,-1.0,100.0,66.67,33.33,0.0,6.0,-6.0,0.0,0.0,0.0,0.0,0.0,0.0,1.0,0.0,1.0,1.0,0.0,1.0,100.0,0.0,100.0,7.0,19.0,-12.0,5.0,9.0,-4.0,71.43,47.37,24.06000000000001,4.0,8.0,-4.0,1.0,3.0,-2.0,13.0,27.0,-14.0,0.0,4.0,-4.0,5.0,15.0,-10.0,7.0,16.0,-9.0,59.0,95.0,-36.0,25.0,34.0,-9.0,42.37,35.79,6.579999999999998,0.0,3.0,-3.0,1.0,2.0,-1.0,11.0,5.0,6.0,6.0,2.0,4.0,54.55,40.0,14.549999999999997,95.0,59.0,36.0,61.0,34.0,27.0,64.21,57.63,6.579999999999991,68.0,68.0,0.0,31.0,33.0,-2.0,45.59,48.53,-2.9399999999999977,4.0,3.0,1.0,0.0,2.0,-2.0,0.0,66.67,-66.67,36.0,51.0,-15.0,17.0,18.0,-1.0,11.0,15.0,-4.0,2.0,3.0,-1.0,0.0,0.0,0.0,152.0,161.0,-9.0,94.0,100.0,-6.0,61.84,62.11,-0.269999999999996,50.0,54.0,-4.0,44.0,51.0,-7.0,88.0,94.44,-6.439999999999998,141.0,148.0,-7.0,125.0,126.0,-1.0,88.65,85.14,3.510000000000005,70.0,74.0,-4.0,35.0,42.0,-7.0,50.0,56.76,-6.759999999999998,54.0,81.0,-27.0,23.0,51.0,-28.0,42.59,62.96,-20.369999999999997,76.0,96.0,-20.0,47.0,70.0,-23.0,61.84,72.92,-11.079999999999998,2.0,5.0,-3.0,1.0,1.0,0.0,50.0,20.0,30.0,24.0,33.0,-9.0,17.0,31.0,-14.0,70.83,93.94,-23.11,7.0,9.0,-2.0,15.22,14.86,0.3600000000000012,3.27,3.14,0.1299999999999999,17.86,17.83,0.030000000000001137,19.28,19.7,-0.41999999999999815,22.59,24.14,-1.5500000000000007,13.81,9.09,4.720000000000001,Win
2022,2022-11-03,Providence Friars - Creighton Bluejays 4:2,Providence Friars,2.0,4.0,-2.0,1.81,0.99,0.8200000000000001,12.0,9.0,3.0,7.0,7.0,0.0,58.33,77.78,-19.450000000000003,615.0,386.0,229.0,532.0,304.0,228.0,86.5,78.76,7.739999999999995,60.75,39.25,21.5,119.0,145.0,-26.0,15.0,30.0,-15.0,40.0,54.0,-14.0,64.0,61.0,3.0,110.0,96.0,14.0,45.0,58.0,-13.0,44.0,28.0,16.0,21.0,10.0,11.0,233.0,233.0,0.0,112.0,106.0,6.0,48.07,45.49,2.5799999999999983,5.0,4.0,1.0,4.0,2.0,2.0,80.0,50.0,30.0,44.0,34.0,10.0,6.0,7.0,-1.0,13.64,20.59,-6.949999999999999,0.0,1.0,-1.0,0.0,1.0,-1.0,0.0,100.0,-100.0,24.0,22.0,2.0,3.0,1.0,2.0,12.5,4.55,7.95,4.0,5.0,-1.0,2.0,1.0,1.0,50.0,20.0,30.0,3.0,2.0,1.0,1.0,0.0,1.0,33.33,0.0,33.33,1.0,0.0,1.0,1.0,0.0,1.0,100.0,0.0,100.0,19.0,9.0,10.0,6.0,1.0,5.0,31.58,11.11,20.47,6.0,1.0,5.0,16.0,2.0,14.0,38.0,15.0,23.0,11.0,5.0,6.0,10.0,7.0,3.0,27.0,10.0,17.0,91.0,70.0,21.0,33.0,21.0,12.0,36.26,30.0,6.259999999999998,1.0,2.0,-1.0,4.0,2.0,2.0,9.0,12.0,-3.0,6.0,7.0,-1.0,66.67,58.33,8.340000000000003,70.0,91.0,-21.0,49.0,58.0,-9.0,70.0,63.74,6.259999999999998,47.0,47.0,0.0,20.0,16.0,4.0,42.55,34.04,8.509999999999998,4.0,1.0,3.0,0.0,1.0,-1.0,0.0,100.0,-100.0,49.0,56.0,-7.0,37.0,27.0,10.0,7.0,14.0,-7.0,2.0,4.0,-2.0,1.0,0.0,1.0,185.0,171.0,14.0,138.0,115.0,23.0,74.59,67.25,7.340000000000003,91.0,60.0,31.0,90.0,55.0,35.0,98.9,91.67,7.230000000000004,265.0,105.0,160.0,239.0,91.0,148.0,90.19,86.67,3.519999999999996,47.0,62.0,-15.0,23.0,43.0,-20.0,48.94,69.35,-20.409999999999997,69.0,47.0,22.0,44.0,34.0,10.0,63.77,72.34,-8.57,83.0,71.0,12.0,68.0,49.0,19.0,81.93,69.01,12.920000000000002,12.0,0.0,12.0,4.0,0.0,4.0,33.33,0.0,33.33,32.0,38.0,-6.0,28.0,31.0,-3.0,87.5,81.58,5.920000000000002,4.0,12.0,-8.0,17.33,16.83,0.5,4.42,2.78,1.6400000000000001,7.64,16.06,-8.419999999999998,17.24,17.44,-0.20000000000000284,19.37,19.17,0.1999999999999993,9.52,12.7,-3.1799999999999997,Loss
2022,2022-10-30,Creighton Bluejays - DePaul Blue Demons 3:0,DePaul Blue Demons,3.0,0.0,3.0,3.37,0.15,3.22,21.0,3.0,18.0,9.0,0.0,9.0,42.86,0.0,42.86,678.0,388.0,290.0,574.0,296.0,278.0,84.66,76.29,8.36999999999999,60.76,39.24,21.519999999999996,130.0,143.0,-13.0,15.0,36.0,-21.0,52.0,61.0,-9.0,63.0,46.0,17.0,108.0,94.0,14.0,33.0,43.0,-10.0,49.0,42.0,7.0,26.0,9.0,17.0,184.0,184.0,0.0,98.0,84.0,14.0,53.26,45.65,7.609999999999999,8.0,1.0,7.0,1.0,0.0,1.0,12.5,0.0,12.5,45.0,15.0,30.0,13.0,0.0,13.0,28.89,0.0,28.89,6.0,2.0,4.0,3.0,0.0,3.0,50.0,0.0,50.0,22.0,26.0,-4.0,5.0,3.0,2.0,22.73,11.54,11.190000000000001,6.0,2.0,4.0,3.0,1.0,2.0,50.0,50.0,0.0,0.0,4.0,-4.0,0.0,1.0,-1.0,0.0,25.0,-25.0,0.0,0.0,0.0,0.0,0.0,0.0,0.0,0.0,0.0,16.0,3.0,13.0,6.0,0.0,6.0,37.5,0.0,37.5,5.0,0.0,5.0,24.0,4.0,20.0,42.0,11.0,31.0,11.0,2.0,9.0,6.0,1.0,5.0,47.0,9.0,38.0,69.0,79.0,-10.0,22.0,22.0,0.0,31.88,27.85,4.029999999999998,2.0,4.0,-2.0,0.0,3.0,-3.0,3.0,21.0,-18.0,0.0,9.0,-9.0,0.0,42.86,-42.86,79.0,69.0,10.0,57.0,47.0,10.0,72.15,68.12,4.030000000000001,25.0,25.0,0.0,14.0,11.0,3.0,56.0,44.0,12.0,6.0,5.0,1.0,3.0,2.0,1.0,50.0,40.0,10.0,46.0,56.0,-10.0,10.0,21.0,-11.0,11.0,3.0,8.0,1.0,0.0,1.0,0.0,0.0,0.0,217.0,163.0,54.0,159.0,107.0,52.0,73.27,65.64,7.6299999999999955,110.0,47.0,63.0,102.0,40.0,62.0,92.73,85.11,7.6200000000000045,272.0,136.0,136.0,252.0,121.0,131.0,92.65,88.97,3.680000000000007,51.0,70.0,-19.0,32.0,40.0,-8.0,62.75,57.14,5.609999999999999,73.0,47.0,26.0,56.0,28.0,28.0,76.71,59.57,17.139999999999993,97.0,88.0,9.0,68.0,48.0,20.0,70.1,54.55,15.549999999999997,8.0,5.0,3.0,4.0,0.0,4.0,50.0,0.0,50.0,18.0,25.0,-7.0,15.0,25.0,-10.0,83.33,100.0,-16.67,10.0,12.0,-2.0,18.17,16.1,2.0700000000000003,5.95,3.15,2.8000000000000003,7.52,18.04,-10.52,17.56,19.76,-2.200000000000003,18.4,20.46,-2.0600000000000023,7.12,15.03,-7.909999999999999,Win
2022,2022-10-23,Marquette Golden Eagles - Creighton Bluejays 2:2,Marquette Golden Eagles,2.0,2.0,0.0,2.32,2.6,-0.28000000000000025,14.0,20.0,-6.0,7.0,6.0,1.0,50.0,30.0,20.0,458.0,306.0,152.0,355.0,196.0,159.0,77.51,64.05,13.460000000000008,60.91,39.09,21.819999999999993,151.0,128.0,23.0,26.0,25.0,1.0,57.0,52.0,5.0,68.0,51.0,17.0,105.0,107.0,-2.0,38.0,41.0,-3.0,50.0,52.0,-2.0,17.0,14.0,3.0,263.0,263.0,0.0,131.0,119.0,12.0,49.81,45.25,4.560000000000002,5.0,13.0,-8.0,0.0,5.0,-5.0,0.0,38.46,-38.46,43.0,37.0,6.0,10.0,16.0,-6.0,23.26,43.24,-19.98,1.0,5.0,-4.0,0.0,2.0,-2.0,0.0,40.0,-40.0,43.0,35.0,8.0,3.0,1.0,2.0,6.98,2.86,4.120000000000001,12.0,9.0,3.0,2.0,0.0,2.0,16.67,0.0,16.67,2.0,2.0,0.0,0.0,0.0,0.0,0.0,0.0,0.0,1.0,1.0,0.0,1.0,1.0,0.0,100.0,100.0,0.0,17.0,13.0,4.0,5.0,2.0,3.0,29.41,15.38,14.03,4.0,3.0,1.0,15.0,8.0,7.0,39.0,29.0,10.0,13.0,7.0,6.0,8.0,9.0,-1.0,41.0,17.0,24.0,75.0,84.0,-9.0,29.0,33.0,-4.0,38.67,39.29,-0.6199999999999974,4.0,3.0,1.0,2.0,2.0,0.0,20.0,14.0,6.0,6.0,8.0,-2.0,30.0,57.14,-27.14,84.0,75.0,9.0,51.0,46.0,5.0,60.71,61.33,-0.6199999999999974,62.0,62.0,0.0,36.0,21.0,15.0,58.06,33.87,24.190000000000005,9.0,8.0,1.0,8.0,3.0,5.0,88.89,37.5,51.39,50.0,69.0,-19.0,21.0,16.0,5.0,12.0,16.0,-4.0,3.0,2.0,1.0,0.0,0.0,0.0,178.0,158.0,20.0,123.0,88.0,35.0,69.1,55.7,13.399999999999991,52.0,31.0,21.0,45.0,31.0,14.0,86.54,100.0,-13.459999999999994,158.0,76.0,82.0,136.0,52.0,84.0,86.08,68.42,17.659999999999997,54.0,69.0,-15.0,30.0,27.0,3.0,55.56,39.13,16.43,61.0,51.0,10.0,38.0,28.0,10.0,62.3,54.9,7.399999999999999,93.0,86.0,7.0,69.0,45.0,24.0,74.19,52.33,21.86,5.0,5.0,0.0,2.0,2.0,0.0,40.0,40.0,0.0,37.0,28.0,9.0,34.0,27.0,7.0,91.89,96.43,-4.540000000000006,14.0,13.0,1.0,16.05,16.71,-0.6600000000000001,2.81,2.08,0.73,11.79,22.55,-10.760000000000002,15.31,19.29,-3.9799999999999986,19.18,23.18,-4.0,5.81,8.11,-2.3,Draw
2022,2022-10-20,Creighton Bluejays - Butler Bulldogs 4:2,Butler Bulldogs,4.0,2.0,2.0,1.25,1.37,-0.1200000000000001,10.0,9.0,1.0,5.0,5.0,0.0,50.0,55.56,-5.560000000000002,521.0,423.0,98.0,423.0,328.0,95.0,81.19,77.54,3.6499999999999915,53.17,46.83,6.340000000000003,134.0,142.0,-8.0,21.0,34.0,-13.0,47.0,51.0,-4.0,66.0,57.0,9.0,109.0,96.0,13.0,44.0,47.0,-3.0,41.0,33.0,8.0,24.0,16.0,8.0,246.0,246.0,0.0,132.0,110.0,22.0,53.66,44.72,8.939999999999998,2.0,6.0,-4.0,2.0,2.0,0.0,100.0,33.33,66.67,41.0,27.0,14.0,8.0,7.0,1.0,19.51,25.93,-6.419999999999998,2.0,0.0,2.0,1.0,0.0,1.0,50.0,0.0,50.0,30.0,31.0,-1.0,1.0,1.0,0.0,3.33,3.23,0.10000000000000009,7.0,1.0,6.0,0.0,1.0,-1.0,0.0,100.0,-100.0,0.0,4.0,-4.0,0.0,0.0,0.0,0.0,0.0,0.0,0.0,1.0,-1.0,0.0,1.0,-1.0,0.0,100.0,-100.0,26.0,6.0,20.0,7.0,0.0,7.0,26.92,0.0,26.92,8.0,0.0,8.0,22.0,5.0,17.0,41.0,17.0,24.0,7.0,3.0,4.0,10.0,2.0,8.0,41.0,5.0,36.0,95.0,90.0,5.0,43.0,27.0,16.0,45.26,30.0,15.259999999999998,6.0,3.0,3.0,2.0,4.0,-2.0,9.0,10.0,-1.0,5.0,5.0,0.0,55.56,50.0,5.560000000000002,90.0,95.0,-5.0,63.0,52.0,11.0,70.0,54.74,15.259999999999998,43.0,43.0,0.0,23.0,17.0,6.0,53.49,39.53,13.96,7.0,3.0,4.0,2.0,0.0,2.0,28.57,0.0,28.57,40.0,52.0,-12.0,18.0,11.0,7.0,15.0,15.0,0.0,3.0,1.0,2.0,0.0,0.0,0.0,202.0,166.0,36.0,155.0,106.0,49.0,76.73,63.86,12.870000000000005,83.0,62.0,21.0,80.0,59.0,21.0,96.39,95.16,1.230000000000004,172.0,146.0,26.0,148.0,126.0,22.0,86.05,86.3,-0.25,65.0,74.0,-9.0,35.0,41.0,-6.0,53.85,55.41,-1.5599999999999952,77.0,56.0,21.0,59.0,32.0,27.0,76.62,57.14,19.480000000000004,105.0,90.0,15.0,77.0,50.0,27.0,73.33,55.56,17.769999999999996,7.0,1.0,6.0,2.0,0.0,2.0,28.57,0.0,28.57,24.0,22.0,2.0,19.0,18.0,1.0,79.17,81.82,-2.6499999999999915,6.0,10.0,-4.0,17.76,16.37,1.3900000000000006,4.07,3.41,0.6600000000000001,12.48,17.49,-5.009999999999998,18.91,20.45,-1.5399999999999991,21.82,19.93,1.8900000000000006,8.59,12.96,-4.370000000000001,Win
2022,2022-10-15,Seton Hall Pirates - Creighton Bluejays 1:1,Seton Hall Pirates,1.0,1.0,0.0,1.09,1.76,-0.6699999999999999,11.0,14.0,-3.0,4.0,3.0,1.0,36.36,21.43,14.93,506.0,305.0,201.0,413.0,218.0,195.0,81.62,71.48,10.14,60.64,39.36,21.28,127.0,131.0,-4.0,29.0,9.0,20.0,50.0,56.0,-6.0,48.0,66.0,-18.0,96.0,85.0,11.0,42.0,37.0,5.0,48.0,35.0,13.0,6.0,13.0,-7.0,225.0,225.0,0.0,119.0,98.0,21.0,52.89,43.56,9.329999999999998,8.0,4.0,4.0,2.0,1.0,1.0,25.0,25.0,0.0,28.0,28.0,0.0,6.0,5.0,1.0,21.43,17.86,3.5700000000000003,0.0,0.0,0.0,0.0,0.0,0.0,0.0,0.0,0.0,24.0,39.0,-15.0,5.0,8.0,-3.0,20.83,20.51,0.31999999999999673,3.0,10.0,-7.0,1.0,4.0,-3.0,33.33,40.0,-6.670000000000002,2.0,8.0,-6.0,1.0,4.0,-3.0,50.0,50.0,0.0,0.0,1.0,-1.0,0.0,1.0,-1.0,0.0,100.0,-100.0,9.0,5.0,4.0,2.0,2.0,0.0,22.22,40.0,-17.78,1.0,2.0,-1.0,3.0,2.0,1.0,16.0,6.0,10.0,3.0,0.0,3.0,4.0,1.0,3.0,12.0,14.0,-2.0,80.0,69.0,11.0,32.0,16.0,16.0,40.0,23.19,16.81,3.0,2.0,1.0,1.0,1.0,0.0,14.0,11.0,3.0,3.0,4.0,-1.0,21.43,36.36,-14.93,69.0,80.0,-11.0,53.0,48.0,5.0,76.81,60.0,16.810000000000002,51.0,51.0,0.0,24.0,22.0,2.0,47.06,43.14,3.9200000000000017,4.0,5.0,-1.0,3.0,3.0,0.0,75.0,60.0,15.0,33.0,48.0,-15.0,27.0,7.0,20.0,18.0,15.0,3.0,3.0,2.0,1.0,0.0,0.0,0.0,171.0,141.0,30.0,117.0,92.0,25.0,68.42,65.25,3.1700000000000017,61.0,46.0,15.0,56.0,39.0,17.0,91.8,84.78,7.019999999999996,213.0,87.0,126.0,191.0,67.0,124.0,89.67,77.01,12.659999999999997,50.0,75.0,-25.0,22.0,44.0,-22.0,44.0,58.67,-14.670000000000002,63.0,51.0,12.0,42.0,29.0,13.0,66.67,56.86,9.810000000000002,90.0,77.0,13.0,56.0,51.0,5.0,62.22,66.23,-4.010000000000005,0.0,4.0,-4.0,0.0,1.0,-1.0,0.0,25.0,-25.0,26.0,26.0,0.0,23.0,22.0,1.0,88.46,84.62,3.839999999999989,4.0,9.0,-5.0,16.56,15.38,1.179999999999998,4.11,2.38,1.7300000000000004,9.88,24.59,-14.709999999999999,20.95,15.84,5.109999999999999,19.34,22.18,-2.84,10.57,9.74,0.8300000000000001,Draw
2022,2022-10-13,Xavier Musketeers - Creighton Bluejays 3:1,Xavier Musketeers,1.0,3.0,-2.0,3.25,0.52,2.73,23.0,6.0,17.0,10.0,4.0,6.0,43.48,66.67,-23.190000000000005,533.0,323.0,210.0,440.0,228.0,212.0,82.55,70.59,11.959999999999994,58.67,41.33,17.340000000000003,142.0,158.0,-16.0,17.0,36.0,-19.0,56.0,61.0,-5.0,69.0,61.0,8.0,136.0,97.0,39.0,54.0,51.0,3.0,51.0,38.0,13.0,31.0,8.0,23.0,289.0,289.0,0.0,144.0,132.0,12.0,49.83,45.67,4.159999999999997,11.0,3.0,8.0,5.0,2.0,3.0,45.45,66.67,-21.22,54.0,19.0,35.0,13.0,5.0,8.0,24.07,26.32,-2.25,0.0,0.0,0.0,0.0,0.0,0.0,0.0,0.0,0.0,33.0,18.0,15.0,8.0,1.0,7.0,24.24,5.56,18.68,11.0,0.0,11.0,3.0,0.0,3.0,27.27,0.0,27.27,3.0,3.0,0.0,1.0,0.0,1.0,33.33,0.0,33.33,1.0,0.0,1.0,1.0,0.0,1.0,100.0,0.0,100.0,22.0,6.0,16.0,7.0,3.0,4.0,31.82,50.0,-18.18,6.0,3.0,3.0,16.0,1.0,15.0,33.0,8.0,25.0,5.0,1.0,4.0,7.0,5.0,2.0,37.0,7.0,30.0,118.0,80.0,38.0,51.0,30.0,21.0,43.22,37.5,5.719999999999999,3.0,2.0,1.0,3.0,1.0,2.0,6.0,23.0,-17.0,4.0,10.0,-6.0,66.67,43.48,23.190000000000005,80.0,118.0,-38.0,50.0,67.0,-17.0,62.5,56.78,5.719999999999999,51.0,51.0,0.0,27.0,19.0,8.0,52.94,37.25,15.689999999999998,3.0,12.0,-9.0,2.0,7.0,-5.0,66.67,58.33,8.340000000000003,31.0,54.0,-23.0,11.0,31.0,-20.0,8.0,16.0,-8.0,2.0,5.0,-3.0,0.0,0.0,0.0,188.0,143.0,45.0,138.0,80.0,58.0,73.4,55.94,17.460000000000008,69.0,45.0,24.0,68.0,42.0,26.0,98.55,93.33,5.219999999999999,196.0,87.0,109.0,179.0,69.0,110.0,91.33,79.31,12.019999999999996,60.0,70.0,-10.0,33.0,35.0,-2.0,55.0,50.0,5.0,77.0,56.0,21.0,48.0,25.0,23.0,62.34,44.64,17.700000000000003,88.0,86.0,2.0,70.0,50.0,20.0,79.55,58.14,21.409999999999997,6.0,0.0,6.0,1.0,0.0,1.0,16.67,0.0,16.67,29.0,29.0,0.0,26.0,26.0,0.0,89.66,89.66,0.0,4.0,10.0,-6.0,16.15,13.89,2.259999999999998,3.53,2.52,1.0099999999999998,11.26,21.67,-10.410000000000002,19.3,18.32,0.9800000000000004,20.08,22.27,-2.1900000000000013,8.68,10.8,-2.120000000000001,Loss
2022,2022-10-09,Creighton Bluejays - St John's Red Storm 1:1,St John's Red Storm,1.0,1.0,0.0,1.37,1.19,0.18000000000000016,15.0,9.0,6.0,4.0,4.0,0.0,26.67,44.44,-17.769999999999996,614.0,303.0,311.0,505.0,211.0,294.0,82.25,69.64,12.61,64.76,35.24,29.520000000000003,139.0,132.0,7.0,17.0,30.0,-13.0,49.0,44.0,5.0,73.0,58.0,15.0,115.0,106.0,9.0,53.0,49.0,4.0,35.0,46.0,-11.0,27.0,11.0,16.0,276.0,276.0,0.0,123.0,136.0,-13.0,44.57,49.28,-4.710000000000001,7.0,5.0,2.0,1.0,2.0,-1.0,14.29,40.0,-25.71,37.0,33.0,4.0,12.0,7.0,5.0,32.43,21.21,11.219999999999999,0.0,0.0,0.0,0.0,0.0,0.0,0.0,0.0,0.0,36.0,26.0,10.0,2.0,1.0,1.0,5.56,3.85,1.7099999999999995,6.0,4.0,2.0,1.0,0.0,1.0,16.67,0.0,16.67,1.0,5.0,-4.0,0.0,1.0,-1.0,0.0,20.0,-20.0,1.0,0.0,1.0,1.0,0.0,1.0,100.0,0.0,100.0,18.0,8.0,10.0,5.0,1.0,4.0,27.78,12.5,15.280000000000001,5.0,1.0,4.0,13.0,4.0,9.0,35.0,23.0,12.0,13.0,5.0,8.0,11.0,7.0,4.0,27.0,9.0,18.0,106.0,63.0,43.0,39.0,25.0,14.0,36.79,39.68,-2.8900000000000006,3.0,4.0,-1.0,1.0,1.0,0.0,9.0,15.0,-6.0,4.0,4.0,0.0,44.44,26.67,17.769999999999996,63.0,106.0,-43.0,38.0,67.0,-29.0,60.32,63.21,-2.8900000000000006,41.0,41.0,0.0,19.0,16.0,3.0,46.34,39.02,7.32,5.0,12.0,-7.0,2.0,3.0,-1.0,40.0,25.0,15.0,34.0,72.0,-38.0,12.0,23.0,-11.0,14.0,23.0,-9.0,4.0,5.0,-1.0,0.0,0.0,0.0,216.0,138.0,78.0,163.0,76.0,87.0,75.46,55.07,20.389999999999993,83.0,43.0,40.0,75.0,42.0,33.0,90.36,97.67,-7.310000000000002,214.0,67.0,147.0,185.0,52.0,133.0,86.45,77.61,8.840000000000003,62.0,72.0,-10.0,35.0,33.0,2.0,56.45,45.83,10.620000000000005,87.0,58.0,29.0,60.0,29.0,31.0,68.97,50.0,18.97,109.0,81.0,28.0,86.0,42.0,44.0,78.9,51.85,27.050000000000004,8.0,1.0,7.0,3.0,1.0,2.0,37.5,100.0,-62.5,26.0,27.0,-1.0,23.0,21.0,2.0,88.46,77.78,10.679999999999993,4.0,7.0,-3.0,17.28,15.67,1.6100000000000012,4.29,2.39,1.9,10.1,23.76,-13.660000000000002,20.61,19.0,1.6099999999999994,19.36,19.88,-0.5199999999999996,7.11,7.29,-0.17999999999999972,Draw
2022,2022-10-02,Creighton Bluejays - Villanova Wildcats 3:1,Villanova Wildcats,3.0,1.0,2.0,3.28,1.47,1.8099999999999998,22.0,13.0,9.0,7.0,3.0,4.0,31.82,23.08,8.740000000000002,591.0,376.0,215.0,509.0,293.0,216.0,86.13,77.93,8.199999999999989,59.3,40.7,18.599999999999994,110.0,123.0,-13.0,20.0,31.0,-11.0,38.0,43.0,-5.0,52.0,49.0,3.0,95.0,87.0,8.0,36.0,43.0,-7.0,40.0,32.0,8.0,19.0,12.0,7.0,250.0,250.0,0.0,124.0,119.0,5.0,49.6,47.6,2.0,5.0,6.0,-1.0,2.0,2.0,0.0,40.0,33.33,6.670000000000002,43.0,30.0,13.0,15.0,8.0,7.0,34.88,26.67,8.21,1.0,2.0,-1.0,0.0,2.0,-2.0,0.0,100.0,-100.0,24.0,32.0,-8.0,6.0,3.0,3.0,25.0,9.38,15.62,7.0,7.0,0.0,4.0,2.0,2.0,57.14,28.57,28.57,1.0,2.0,-1.0,0.0,0.0,0.0,0.0,0.0,0.0,1.0,0.0,1.0,1.0,0.0,1.0,100.0,0.0,100.0,27.0,8.0,19.0,12.0,1.0,11.0,44.44,12.5,31.939999999999998,9.0,0.0,9.0,28.0,4.0,24.0,55.0,18.0,37.0,23.0,4.0,19.0,8.0,4.0,4.0,60.0,15.0,45.0,107.0,86.0,21.0,45.0,32.0,13.0,42.06,37.21,4.850000000000001,2.0,2.0,0.0,1.0,3.0,-2.0,13.0,22.0,-9.0,5.0,7.0,-2.0,38.46,31.82,6.640000000000001,86.0,107.0,-21.0,54.0,62.0,-8.0,62.79,57.94,4.850000000000001,34.0,34.0,0.0,15.0,15.0,0.0,44.12,44.12,0.0,3.0,4.0,-1.0,2.0,2.0,0.0,66.67,50.0,16.67,50.0,58.0,-8.0,12.0,12.0,0.0,9.0,9.0,0.0,0.0,2.0,-2.0,0.0,1.0,-1.0,193.0,139.0,54.0,168.0,94.0,74.0,87.05,67.63,19.42,92.0,50.0,42.0,80.0,41.0,39.0,86.96,82.0,4.959999999999994,217.0,133.0,84.0,188.0,116.0,72.0,86.64,87.22,-0.5799999999999983,50.0,71.0,-21.0,33.0,39.0,-6.0,66.0,54.93,11.07,75.0,55.0,20.0,61.0,36.0,25.0,81.33,65.45,15.879999999999995,105.0,78.0,27.0,82.0,50.0,32.0,78.1,64.1,14.0,11.0,1.0,10.0,9.0,0.0,9.0,81.82,0.0,81.82,21.0,16.0,5.0,20.0,14.0,6.0,95.24,87.5,7.739999999999995,7.0,15.0,-8.0,17.89,16.59,1.3000000000000007,5.14,3.33,1.8099999999999996,8.46,18.88,-10.419999999999998,15.55,18.71,-3.16,19.21,21.07,-1.8599999999999994,7.33,13.12,-5.789999999999999,Win
2022,2022-09-24,Georgetown Hoyas - Creighton Bluejays 2:1,Georgetown Hoyas,1.0,2.0,-1.0,3.82,3.14,0.6799999999999997,29.0,21.0,8.0,8.0,9.0,-1.0,27.59,42.86,-15.27,579.0,306.0,273.0,490.0,221.0,269.0,84.63,72.22,12.409999999999997,63.17,36.83,26.340000000000003,131.0,143.0,-12.0,20.0,32.0,-12.0,42.0,51.0,-9.0,69.0,60.0,9.0,114.0,100.0,14.0,42.0,54.0,-12.0,47.0,33.0,14.0,25.0,13.0,12.0,259.0,259.0,0.0,131.0,122.0,9.0,50.58,47.1,3.479999999999997,14.0,9.0,5.0,3.0,3.0,0.0,21.43,33.33,-11.899999999999999,50.0,28.0,22.0,20.0,13.0,7.0,40.0,46.43,-6.43,0.0,2.0,-2.0,0.0,2.0,-2.0,0.0,100.0,-100.0,26.0,35.0,-9.0,6.0,6.0,0.0,23.08,17.14,5.939999999999998,4.0,11.0,-7.0,2.0,4.0,-2.0,50.0,36.36,13.64,2.0,1.0,1.0,0.0,1.0,-1.0,0.0,100.0,-100.0,2.0,0.0,2.0,1.0,0.0,1.0,50.0,0.0,50.0,17.0,10.0,7.0,12.0,4.0,8.0,70.59,40.0,30.590000000000003,11.0,4.0,7.0,19.0,12.0,7.0,39.0,28.0,11.0,10.0,6.0,4.0,9.0,7.0,2.0,36.0,22.0,14.0,104.0,93.0,11.0,44.0,34.0,10.0,42.31,36.56,5.75,0.0,3.0,-3.0,2.0,1.0,1.0,21.0,29.0,-8.0,9.0,8.0,1.0,42.86,27.59,15.27,93.0,104.0,-11.0,59.0,60.0,-1.0,63.44,57.69,5.75,31.0,31.0,0.0,17.0,13.0,4.0,54.84,41.94,12.900000000000006,12.0,5.0,7.0,8.0,1.0,7.0,66.67,20.0,46.67,55.0,48.0,7.0,17.0,17.0,0.0,12.0,11.0,1.0,2.0,2.0,0.0,0.0,0.0,0.0,201.0,138.0,63.0,149.0,84.0,65.0,74.13,60.87,13.259999999999998,81.0,44.0,37.0,74.0,41.0,33.0,91.36,93.18,-1.8200000000000074,221.0,82.0,139.0,205.0,65.0,140.0,92.76,79.27,13.490000000000009,62.0,62.0,0.0,33.0,39.0,-6.0,53.23,62.9,-9.670000000000002,85.0,51.0,34.0,64.0,33.0,31.0,75.29,64.71,10.580000000000013,119.0,80.0,39.0,97.0,51.0,46.0,81.51,63.75,17.760000000000005,0.0,6.0,-6.0,0.0,3.0,-3.0,0.0,50.0,-50.0,21.0,19.0,2.0,20.0,14.0,6.0,95.24,73.68,21.559999999999988,8.0,18.0,-10.0,18.28,16.58,1.7000000000000028,4.23,2.27,1.9600000000000004,10.71,20.26,-9.55,18.3,17.56,0.740000000000002,19.46,20.4,-0.9399999999999977,4.95,11.53,-6.579999999999999,Loss
2022,2022-09-19,Creighton Bluejays - UCONN Huskies 1:1,UCONN Huskies,1.0,1.0,0.0,1.38,1.58,-0.20000000000000018,14.0,9.0,5.0,3.0,3.0,0.0,21.43,33.33,-11.899999999999999,549.0,347.0,202.0,471.0,269.0,202.0,85.79,77.52,8.27000000000001,60.18,39.82,20.36,127.0,123.0,4.0,11.0,20.0,-9.0,42.0,62.0,-20.0,74.0,41.0,33.0,99.0,92.0,7.0,41.0,49.0,-8.0,45.0,36.0,9.0,13.0,7.0,6.0,239.0,239.0,0.0,124.0,109.0,15.0,51.88,45.61,6.270000000000003,7.0,4.0,3.0,2.0,1.0,1.0,28.57,25.0,3.5700000000000003,33.0,18.0,15.0,9.0,3.0,6.0,27.27,16.67,10.599999999999998,1.0,4.0,-3.0,0.0,1.0,-1.0,0.0,25.0,-25.0,37.0,33.0,4.0,3.0,4.0,-1.0,8.11,12.12,-4.01,7.0,1.0,6.0,1.0,1.0,0.0,14.29,100.0,-85.71000000000001,3.0,4.0,-1.0,1.0,2.0,-1.0,33.33,50.0,-16.67,0.0,0.0,0.0,0.0,0.0,0.0,0.0,0.0,0.0,11.0,5.0,6.0,4.0,2.0,2.0,36.36,40.0,-3.6400000000000006,4.0,2.0,2.0,6.0,3.0,3.0,30.0,11.0,19.0,9.0,1.0,8.0,8.0,5.0,3.0,18.0,9.0,9.0,93.0,83.0,10.0,41.0,32.0,9.0,44.09,38.55,5.540000000000006,1.0,4.0,-3.0,1.0,1.0,0.0,9.0,14.0,-5.0,3.0,4.0,-1.0,33.33,28.57,4.759999999999998,83.0,93.0,-10.0,51.0,52.0,-1.0,61.45,55.91,5.540000000000006,25.0,25.0,0.0,15.0,10.0,5.0,60.0,40.0,20.0,6.0,4.0,2.0,2.0,0.0,2.0,33.33,0.0,33.33,34.0,52.0,-18.0,4.0,26.0,-22.0,21.0,17.0,4.0,4.0,2.0,2.0,0.0,0.0,0.0,207.0,164.0,43.0,158.0,108.0,50.0,76.33,65.85,10.480000000000004,77.0,45.0,32.0,76.0,40.0,36.0,98.7,88.89,9.810000000000002,177.0,95.0,82.0,154.0,85.0,69.0,87.01,89.47,-2.4599999999999937,53.0,64.0,-11.0,33.0,36.0,-3.0,62.26,56.25,6.009999999999998,79.0,40.0,39.0,58.0,27.0,31.0,73.42,67.5,5.920000000000002,78.0,78.0,0.0,65.0,51.0,14.0,83.33,65.38,17.950000000000003,3.0,3.0,0.0,1.0,1.0,0.0,33.33,33.33,0.0,21.0,24.0,-3.0,19.0,22.0,-3.0,90.48,91.67,-1.1899999999999977,9.0,10.0,-1.0,16.96,16.2,0.7600000000000016,4.5,2.78,1.7200000000000002,9.65,18.44,-8.790000000000001,18.19,18.5,-0.3099999999999987,18.84,19.26,-0.4200000000000017,6.81,11.34,-4.53,Draw
2022,2022-09-15,Omaha Mavericks - Creighton Bluejays 1:6,Omaha Mavericks,6.0,1.0,5.0,2.12,1.2,0.9200000000000002,20.0,6.0,14.0,11.0,3.0,8.0,55.0,50.0,5.0,675.0,331.0,344.0,593.0,255.0,338.0,87.85,77.04,10.809999999999988,64.77,35.23,29.54,97.0,115.0,-18.0,6.0,22.0,-16.0,40.0,59.0,-19.0,51.0,34.0,17.0,94.0,75.0,19.0,28.0,40.0,-12.0,51.0,32.0,19.0,15.0,3.0,12.0,213.0,213.0,0.0,114.0,97.0,17.0,53.52,45.54,7.980000000000004,8.0,3.0,5.0,4.0,1.0,3.0,50.0,33.33,16.67,42.0,15.0,27.0,13.0,2.0,11.0,30.95,13.33,17.619999999999997,2.0,0.0,2.0,1.0,0.0,1.0,50.0,0.0,50.0,36.0,32.0,4.0,6.0,3.0,3.0,16.67,9.38,7.290000000000001,9.0,3.0,6.0,3.0,0.0,3.0,33.33,0.0,33.33,1.0,1.0,0.0,0.0,1.0,-1.0,0.0,100.0,-100.0,0.0,1.0,-1.0,0.0,1.0,-1.0,0.0,100.0,-100.0,17.0,3.0,14.0,6.0,1.0,5.0,35.29,33.33,1.9600000000000009,6.0,1.0,5.0,12.0,4.0,8.0,38.0,7.0,31.0,13.0,1.0,12.0,6.0,2.0,4.0,37.0,5.0,32.0,92.0,85.0,7.0,35.0,28.0,7.0,38.04,32.94,5.100000000000001,0.0,5.0,-5.0,1.0,6.0,-5.0,6.0,20.0,-14.0,4.0,11.0,-7.0,66.67,55.0,11.670000000000002,85.0,92.0,-7.0,57.0,57.0,0.0,67.06,61.96,5.100000000000001,19.0,19.0,0.0,13.0,6.0,7.0,68.42,31.58,36.84,2.0,6.0,-4.0,2.0,4.0,-2.0,100.0,66.67,33.33,24.0,24.0,0.0,2.0,3.0,-1.0,19.0,20.0,-1.0,3.0,0.0,3.0,0.0,0.0,0.0,211.0,127.0,84.0,174.0,85.0,89.0,82.46,66.93,15.529999999999987,92.0,39.0,53.0,85.0,37.0,48.0,92.39,94.87,-2.480000000000004,294.0,130.0,164.0,275.0,110.0,165.0,93.54,84.62,8.920000000000002,44.0,58.0,-14.0,27.0,31.0,-4.0,61.36,53.45,7.909999999999997,89.0,36.0,53.0,66.0,21.0,45.0,74.16,58.33,15.829999999999998,102.0,76.0,26.0,92.0,41.0,51.0,90.2,53.95,36.25,14.0,0.0,14.0,8.0,0.0,8.0,57.14,0.0,57.14,18.0,17.0,1.0,16.0,16.0,0.0,88.89,94.12,-5.230000000000004,2.0,12.0,-10.0,17.98,16.21,1.7699999999999996,5.53,3.06,2.47,6.52,17.52,-11.0,17.49,17.6,-0.11000000000000298,18.2,22.01,-3.8100000000000023,6.95,24.95,-18.0,Win
2022,2022-09-10,Creighton Bluejays - Stanford Cardinal 1:1,Stanford Cardinal,1.0,1.0,0.0,2.3,2.35,-0.050000000000000266,11.0,14.0,-3.0,4.0,6.0,-2.0,36.36,42.86,-6.5,534.0,316.0,218.0,423.0,214.0,209.0,79.21,67.72,11.489999999999995,64.15,35.85,28.300000000000004,148.0,135.0,13.0,20.0,33.0,-13.0,51.0,53.0,-2.0,77.0,49.0,28.0,111.0,115.0,-4.0,42.0,55.0,-13.0,42.0,45.0,-3.0,27.0,15.0,12.0,237.0,237.0,0.0,120.0,107.0,13.0,50.63,45.15,5.480000000000004,4.0,2.0,2.0,2.0,1.0,1.0,50.0,50.0,0.0,43.0,30.0,13.0,8.0,8.0,0.0,18.6,26.67,-8.07,0.0,0.0,0.0,0.0,0.0,0.0,0.0,0.0,0.0,32.0,27.0,5.0,3.0,6.0,-3.0,9.38,22.22,-12.839999999999998,8.0,3.0,5.0,3.0,2.0,1.0,37.5,66.67,-29.17,1.0,6.0,-5.0,0.0,2.0,-2.0,0.0,33.33,-33.33,0.0,0.0,0.0,0.0,0.0,0.0,0.0,0.0,0.0,18.0,14.0,4.0,4.0,7.0,-3.0,22.22,50.0,-27.78,6.0,7.0,-1.0,12.0,1.0,11.0,34.0,19.0,15.0,8.0,3.0,5.0,10.0,11.0,-1.0,27.0,17.0,10.0,87.0,50.0,37.0,46.0,21.0,25.0,52.87,42.0,10.869999999999997,2.0,1.0,1.0,1.0,1.0,0.0,14.0,11.0,3.0,6.0,4.0,2.0,42.86,36.36,6.5,50.0,87.0,-37.0,29.0,41.0,-12.0,58.0,47.13,10.869999999999997,43.0,43.0,0.0,20.0,20.0,0.0,46.51,46.51,0.0,12.0,4.0,8.0,7.0,3.0,4.0,58.33,75.0,-16.67,48.0,52.0,-4.0,14.0,24.0,-10.0,13.0,14.0,-1.0,0.0,0.0,0.0,0.0,0.0,0.0,174.0,150.0,24.0,120.0,86.0,34.0,68.97,57.33,11.64,61.0,29.0,32.0,56.0,26.0,30.0,91.8,89.66,2.1400000000000006,206.0,88.0,118.0,177.0,70.0,107.0,85.92,79.55,6.3700000000000045,52.0,64.0,-12.0,27.0,32.0,-5.0,51.92,50.0,1.9200000000000017,73.0,55.0,18.0,51.0,25.0,26.0,69.86,45.45,24.409999999999997,80.0,85.0,-5.0,56.0,44.0,12.0,70.0,51.76,18.240000000000002,11.0,5.0,6.0,2.0,0.0,2.0,18.18,0.0,18.18,30.0,25.0,5.0,26.0,22.0,4.0,86.67,88.0,-1.3299999999999983,11.0,13.0,-2.0,16.17,17.12,-0.9499999999999993,4.17,2.53,1.6400000000000001,9.74,20.25,-10.51,15.64,14.48,1.1600000000000001,19.17,19.64,-0.46999999999999886,6.76,11.32,-4.5600000000000005,Draw
2022,2022-09-06,Creighton Bluejays - San Diego State Aztecs 2:2,San Diego State Aztecs,2.0,2.0,0.0,2.67,1.92,0.75,19.0,8.0,11.0,8.0,3.0,5.0,42.11,37.5,4.609999999999999,696.0,204.0,492.0,607.0,141.0,466.0,87.21,69.12,18.08999999999999,71.36,28.64,42.72,120.0,114.0,6.0,18.0,29.0,-11.0,30.0,45.0,-15.0,72.0,40.0,32.0,104.0,91.0,13.0,40.0,59.0,-19.0,48.0,25.0,23.0,16.0,7.0,9.0,222.0,222.0,0.0,108.0,104.0,4.0,48.65,46.85,1.7999999999999972,5.0,3.0,2.0,2.0,1.0,1.0,40.0,33.33,6.670000000000002,47.0,17.0,30.0,14.0,4.0,10.0,29.79,23.53,6.259999999999998,2.0,3.0,-1.0,0.0,2.0,-2.0,0.0,66.67,-66.67,31.0,28.0,3.0,4.0,2.0,2.0,12.9,7.14,5.760000000000001,10.0,3.0,7.0,1.0,1.0,0.0,10.0,33.33,-23.33,3.0,0.0,3.0,1.0,0.0,1.0,33.33,0.0,33.33,0.0,0.0,0.0,0.0,0.0,0.0,0.0,0.0,0.0,20.0,5.0,15.0,6.0,3.0,3.0,30.0,60.0,-30.0,6.0,3.0,3.0,14.0,3.0,11.0,41.0,11.0,30.0,11.0,1.0,10.0,11.0,3.0,8.0,38.0,7.0,31.0,91.0,60.0,31.0,44.0,24.0,20.0,48.35,40.0,8.350000000000001,4.0,4.0,0.0,2.0,2.0,0.0,8.0,19.0,-11.0,3.0,8.0,-5.0,37.5,42.11,-4.609999999999999,60.0,91.0,-31.0,36.0,47.0,-11.0,60.0,51.65,8.350000000000001,37.0,37.0,0.0,14.0,19.0,-5.0,37.84,51.35,-13.509999999999998,10.0,11.0,-1.0,5.0,4.0,1.0,50.0,36.36,13.64,23.0,72.0,-49.0,9.0,28.0,-19.0,10.0,14.0,-4.0,4.0,3.0,1.0,0.0,0.0,0.0,211.0,108.0,103.0,167.0,62.0,105.0,79.15,57.41,21.74000000000001,97.0,25.0,72.0,92.0,21.0,71.0,94.85,84.0,10.849999999999994,280.0,51.0,229.0,259.0,41.0,218.0,92.5,80.39,12.11,38.0,45.0,-7.0,20.0,22.0,-2.0,52.63,48.89,3.740000000000002,94.0,40.0,54.0,72.0,22.0,50.0,76.6,55.0,21.599999999999994,92.0,53.0,39.0,81.0,31.0,50.0,88.04,58.49,29.550000000000004,11.0,5.0,6.0,2.0,3.0,-1.0,18.18,60.0,-41.82,18.0,11.0,7.0,16.0,10.0,6.0,88.89,90.91,-2.019999999999996,3.0,15.0,-12.0,16.97,12.39,4.579999999999998,5.66,1.89,3.7700000000000005,5.46,22.06,-16.599999999999998,15.89,15.84,0.05000000000000071,18.69,21.35,-2.66,5.14,11.84,-6.7,Draw
2022,2022-09-03,Creighton Bluejays - Saint Louis Billikens 2:3,Saint Louis Billikens,2.0,3.0,-1.0,2.26,1.5,0.7599999999999998,25.0,9.0,16.0,10.0,4.0,6.0,40.0,44.44,-4.439999999999998,587.0,223.0,364.0,494.0,131.0,363.0,84.16,58.74,25.419999999999995,67.72,32.28,35.44,129.0,135.0,-6.0,8.0,29.0,-21.0,45.0,56.0,-11.0,76.0,50.0,26.0,101.0,83.0,18.0,41.0,44.0,-3.0,42.0,32.0,10.0,18.0,7.0,11.0,253.0,253.0,0.0,138.0,96.0,42.0,54.55,37.94,16.61,10.0,2.0,8.0,4.0,1.0,3.0,40.0,50.0,-10.0,36.0,17.0,19.0,17.0,3.0,14.0,47.22,17.65,29.57,0.0,0.0,0.0,0.0,0.0,0.0,0.0,0.0,0.0,46.0,33.0,13.0,7.0,5.0,2.0,15.22,15.15,0.07000000000000028,11.0,6.0,5.0,4.0,3.0,1.0,36.36,50.0,-13.64,3.0,4.0,-1.0,0.0,1.0,-1.0,0.0,25.0,-25.0,0.0,1.0,-1.0,0.0,1.0,-1.0,0.0,100.0,-100.0,12.0,5.0,7.0,5.0,1.0,4.0,41.67,20.0,21.67,7.0,1.0,6.0,14.0,6.0,8.0,39.0,12.0,27.0,8.0,3.0,5.0,9.0,2.0,7.0,39.0,12.0,27.0,92.0,57.0,35.0,45.0,19.0,26.0,48.91,33.33,15.579999999999998,2.0,9.0,-7.0,3.0,2.0,1.0,9.0,25.0,-16.0,4.0,10.0,-6.0,44.44,40.0,4.439999999999998,57.0,92.0,-35.0,38.0,47.0,-9.0,66.67,51.09,15.579999999999998,63.0,63.0,0.0,38.0,17.0,21.0,60.32,26.98,33.34,10.0,5.0,5.0,6.0,1.0,5.0,60.0,20.0,40.0,20.0,72.0,-52.0,7.0,14.0,-7.0,13.0,20.0,-7.0,3.0,5.0,-2.0,0.0,0.0,0.0,177.0,124.0,53.0,135.0,58.0,77.0,76.27,46.77,29.499999999999993,79.0,28.0,51.0,74.0,24.0,50.0,93.67,85.71,7.960000000000008,250.0,33.0,217.0,222.0,26.0,196.0,88.8,78.79,10.009999999999991,61.0,64.0,-3.0,34.0,25.0,9.0,55.74,39.06,16.68,81.0,48.0,33.0,55.0,18.0,37.0,67.9,37.5,30.400000000000006,90.0,76.0,14.0,73.0,32.0,41.0,81.11,42.11,39.0,2.0,0.0,2.0,1.0,0.0,1.0,50.0,0.0,50.0,19.0,16.0,3.0,18.0,12.0,6.0,94.74,75.0,19.739999999999995,6.0,17.0,-11.0,17.29,13.78,3.51,4.41,1.86,2.55,10.39,28.7,-18.31,18.82,13.96,4.859999999999999,19.6,23.43,-3.8299999999999983,6.85,14.57,-7.720000000000001,Loss
2022,2022-08-29,Creighton Bluejays - Rutgers Scarlet Knights 6:1,Rutgers Scarlet Knights,6.0,1.0,5.0,3.25,0.84,2.41,22.0,9.0,13.0,12.0,4.0,8.0,54.55,44.44,10.11,427.0,336.0,91.0,351.0,259.0,92.0,82.2,77.08,5.1200000000000045,58.61,41.39,17.22,112.0,101.0,11.0,10.0,21.0,-11.0,32.0,42.0,-10.0,70.0,38.0,32.0,94.0,72.0,22.0,37.0,45.0,-8.0,34.0,24.0,10.0,23.0,3.0,20.0,227.0,227.0,0.0,103.0,112.0,-9.0,45.37,49.34,-3.970000000000006,7.0,1.0,6.0,3.0,1.0,2.0,42.86,100.0,-57.14,52.0,19.0,33.0,11.0,6.0,5.0,21.15,31.58,-10.43,0.0,1.0,-1.0,0.0,1.0,-1.0,0.0,100.0,-100.0,32.0,28.0,4.0,9.0,2.0,7.0,28.13,7.14,20.99,12.0,3.0,9.0,3.0,1.0,2.0,25.0,33.33,-8.329999999999998,4.0,0.0,4.0,1.0,0.0,1.0,25.0,0.0,25.0,0.0,0.0,0.0,0.0,0.0,0.0,0.0,0.0,0.0,13.0,4.0,9.0,7.0,3.0,4.0,53.85,75.0,-21.15,4.0,3.0,1.0,14.0,9.0,5.0,38.0,16.0,22.0,12.0,2.0,10.0,10.0,3.0,7.0,32.0,14.0,18.0,99.0,58.0,41.0,32.0,14.0,18.0,32.32,24.14,8.18,3.0,3.0,0.0,1.0,6.0,-5.0,9.0,22.0,-13.0,5.0,13.0,-8.0,55.56,59.09,-3.530000000000001,58.0,99.0,-41.0,44.0,67.0,-23.0,75.86,67.68,8.179999999999993,38.0,38.0,0.0,16.0,15.0,1.0,42.11,39.47,2.6400000000000006,9.0,11.0,-2.0,6.0,8.0,-2.0,66.67,72.73,-6.060000000000002,19.0,58.0,-39.0,5.0,16.0,-11.0,14.0,13.0,1.0,2.0,2.0,0.0,0.0,0.0,0.0,159.0,135.0,24.0,119.0,91.0,28.0,74.84,67.41,7.430000000000007,49.0,45.0,4.0,46.0,43.0,3.0,93.88,95.56,-1.6800000000000068,162.0,120.0,42.0,139.0,94.0,45.0,85.8,78.33,7.469999999999999,42.0,59.0,-17.0,26.0,22.0,4.0,61.9,37.29,24.61,71.0,45.0,26.0,49.0,18.0,31.0,69.01,40.0,29.010000000000005,97.0,70.0,27.0,80.0,41.0,39.0,82.47,58.57,23.9,3.0,2.0,1.0,2.0,0.0,2.0,66.67,0.0,66.67,33.0,18.0,15.0,25.0,15.0,10.0,75.76,83.33,-7.569999999999993,5.0,10.0,-5.0,14.37,16.01,-1.6400000000000023,3.21,2.95,0.2599999999999998,9.84,17.56,-7.719999999999999,16.74,15.77,0.9699999999999989,20.59,22.37,-1.7800000000000011,7.05,10.86,-3.8099999999999996,Win
2022,2022-08-26,Creighton Bluejays - Oakland Golden Grizzlies 6:0,Oakland Golden Grizzlies,6.0,0.0,6.0,5.83,0.12,5.71,30.0,3.0,27.0,15.0,2.0,13.0,50.0,66.67,-16.67,544.0,405.0,139.0,461.0,300.0,161.0,84.74,74.07,10.670000000000002,54.49,45.51,8.980000000000004,112.0,139.0,-27.0,9.0,43.0,-34.0,33.0,61.0,-28.0,70.0,35.0,35.0,112.0,73.0,39.0,31.0,40.0,-9.0,56.0,25.0,31.0,25.0,8.0,17.0,209.0,209.0,0.0,109.0,87.0,22.0,52.15,41.63,10.519999999999996,10.0,1.0,9.0,4.0,0.0,4.0,40.0,0.0,40.0,59.0,13.0,46.0,23.0,3.0,20.0,38.98,23.08,15.899999999999999,0.0,1.0,-1.0,0.0,0.0,0.0,0.0,0.0,0.0,22.0,29.0,-7.0,5.0,0.0,5.0,22.73,0.0,22.73,6.0,1.0,5.0,2.0,0.0,2.0,33.33,0.0,33.33,3.0,3.0,0.0,0.0,0.0,0.0,0.0,0.0,0.0,1.0,0.0,1.0,1.0,0.0,1.0,100.0,0.0,100.0,23.0,3.0,20.0,8.0,1.0,7.0,34.78,33.33,1.4500000000000028,6.0,1.0,5.0,20.0,2.0,18.0,50.0,9.0,41.0,14.0,2.0,12.0,11.0,2.0,9.0,53.0,3.0,50.0,83.0,55.0,28.0,43.0,22.0,21.0,51.81,40.0,11.810000000000002,5.0,1.0,4.0,0.0,6.0,-6.0,3.0,30.0,-27.0,2.0,16.0,-14.0,66.67,53.33,13.340000000000003,55.0,83.0,-28.0,33.0,40.0,-7.0,60.0,48.19,11.810000000000002,30.0,30.0,0.0,15.0,9.0,6.0,50.0,30.0,20.0,7.0,5.0,2.0,3.0,3.0,0.0,42.86,60.0,-17.14,35.0,49.0,-14.0,12.0,19.0,-7.0,13.0,13.0,0.0,3.0,3.0,0.0,0.0,0.0,0.0,191.0,149.0,42.0,158.0,87.0,71.0,82.72,58.39,24.33,87.0,64.0,23.0,80.0,52.0,28.0,91.95,81.25,10.700000000000003,170.0,142.0,28.0,140.0,121.0,19.0,82.35,85.21,-2.8599999999999994,51.0,72.0,-21.0,34.0,35.0,-1.0,66.67,48.61,18.060000000000002,69.0,42.0,27.0,53.0,19.0,34.0,76.81,45.24,31.57,92.0,84.0,8.0,81.0,35.0,46.0,88.04,41.67,46.370000000000005,9.0,3.0,6.0,5.0,0.0,5.0,55.56,0.0,55.56,18.0,21.0,-3.0,18.0,20.0,-2.0,100.0,95.24,4.760000000000005,2.0,12.0,-10.0,17.95,16.0,1.9499999999999993,4.32,3.43,0.8900000000000001,9.38,17.78,-8.4,16.0,18.52,-2.5199999999999996,17.44,20.08,-2.639999999999997,8.41,14.13,-5.720000000000001,Win
2023,2023-11-04,Providence Friars - Creighton Bluejays 3:0,Providence Friars,0.0,3.0,-3.0,2.09,1.55,0.5399999999999998,14.0,8.0,6.0,3.0,3.0,0.0,21.43,37.5,-16.07,377.0,350.0,27.0,297.0,273.0,24.0,78.78,78.0,0.7800000000000011,54.47,45.53,8.939999999999998,111.0,109.0,2.0,17.0,27.0,-10.0,38.0,38.0,0.0,56.0,44.0,12.0,96.0,78.0,18.0,30.0,37.0,-7.0,49.0,29.0,20.0,17.0,12.0,5.0,234.0,234.0,0.0,118.0,107.0,11.0,50.43,45.73,4.700000000000003,1.0,1.0,0.0,1.0,0.0,1.0,100.0,0.0,100.0,29.0,21.0,8.0,7.0,4.0,3.0,24.14,19.05,5.09,1.0,1.0,0.0,1.0,1.0,0.0,100.0,100.0,0.0,34.0,28.0,6.0,6.0,3.0,3.0,17.65,10.71,6.939999999999998,9.0,3.0,6.0,3.0,1.0,2.0,33.33,33.33,0.0,2.0,2.0,0.0,0.0,0.0,0.0,0.0,0.0,0.0,0.0,0.0,0.0,0.0,0.0,0.0,0.0,0.0,0.0,15.0,11.0,4.0,6.0,4.0,2.0,40.0,36.36,3.6400000000000006,5.0,4.0,1.0,11.0,9.0,2.0,28.0,24.0,4.0,5.0,2.0,3.0,8.0,7.0,1.0,30.0,16.0,14.0,90.0,67.0,23.0,41.0,29.0,12.0,45.56,43.28,2.280000000000001,2.0,7.0,-5.0,2.0,0.0,2.0,8.0,14.0,-6.0,3.0,3.0,0.0,37.5,21.43,16.07,67.0,90.0,-23.0,38.0,49.0,-11.0,56.72,54.44,2.280000000000001,48.0,48.0,0.0,25.0,21.0,4.0,52.08,43.75,8.329999999999998,5.0,3.0,2.0,2.0,0.0,2.0,40.0,0.0,40.0,25.0,42.0,-17.0,3.0,19.0,-16.0,12.0,13.0,-1.0,1.0,2.0,-1.0,0.0,0.0,0.0,121.0,129.0,-8.0,81.0,84.0,-3.0,66.94,65.12,1.8199999999999932,48.0,45.0,3.0,43.0,43.0,0.0,89.58,95.56,-5.980000000000004,161.0,126.0,35.0,143.0,109.0,34.0,88.82,86.51,2.309999999999988,55.0,44.0,11.0,32.0,18.0,14.0,58.18,40.91,17.270000000000003,57.0,42.0,15.0,37.0,21.0,16.0,64.91,50.0,14.909999999999997,66.0,63.0,3.0,48.0,37.0,11.0,72.73,58.73,14.000000000000007,5.0,2.0,3.0,1.0,1.0,0.0,20.0,50.0,-30.0,26.0,22.0,4.0,21.0,19.0,2.0,80.77,86.36,-5.590000000000003,7.0,15.0,-8.0,13.59,15.1,-1.5099999999999998,3.28,3.24,0.03999999999999959,14.59,12.57,2.0199999999999996,13.61,14.46,-0.8500000000000014,21.71,20.38,1.3300000000000018,9.32,10.12,-0.7999999999999989,Loss
2023,2023-10-28,St John's Red Storm - Creighton Bluejays 2:2,St John's Red Storm,2.0,2.0,0.0,2.66,3.25,-0.5899999999999999,12.0,19.0,-7.0,6.0,6.0,0.0,50.0,31.58,18.42,531.0,340.0,191.0,433.0,251.0,182.0,81.54,73.82,7.720000000000013,60.1,39.9,20.200000000000003,139.0,133.0,6.0,31.0,24.0,7.0,44.0,36.0,8.0,64.0,73.0,-9.0,93.0,95.0,-2.0,50.0,46.0,4.0,26.0,33.0,-7.0,17.0,16.0,1.0,239.0,239.0,0.0,121.0,105.0,16.0,50.63,43.93,6.700000000000003,0.0,2.0,-2.0,0.0,0.0,0.0,0.0,0.0,0.0,38.0,36.0,2.0,9.0,10.0,-1.0,23.68,27.78,-4.100000000000001,1.0,6.0,-5.0,1.0,3.0,-2.0,100.0,50.0,50.0,23.0,22.0,1.0,2.0,5.0,-3.0,8.7,22.73,-14.030000000000001,2.0,5.0,-3.0,0.0,2.0,-2.0,0.0,40.0,-40.0,1.0,3.0,-2.0,1.0,1.0,0.0,100.0,33.33,66.67,0.0,0.0,0.0,0.0,0.0,0.0,0.0,0.0,0.0,18.0,11.0,7.0,4.0,4.0,0.0,22.22,36.36,-14.14,4.0,4.0,0.0,9.0,10.0,-1.0,29.0,27.0,2.0,8.0,11.0,-3.0,4.0,6.0,-2.0,32.0,30.0,2.0,79.0,88.0,-9.0,30.0,28.0,2.0,37.97,31.82,6.149999999999999,1.0,0.0,1.0,2.0,2.0,0.0,19.0,12.0,7.0,6.0,7.0,-1.0,31.58,58.33,-26.75,88.0,79.0,9.0,60.0,49.0,11.0,68.18,62.03,6.150000000000006,45.0,45.0,0.0,22.0,15.0,7.0,48.89,33.33,15.560000000000002,10.0,0.0,10.0,6.0,0.0,6.0,60.0,0.0,60.0,44.0,46.0,-2.0,27.0,15.0,12.0,9.0,10.0,-1.0,4.0,2.0,2.0,0.0,0.0,0.0,195.0,137.0,58.0,132.0,89.0,43.0,67.69,64.96,2.730000000000004,74.0,51.0,23.0,68.0,47.0,21.0,91.89,92.16,-0.269999999999996,202.0,105.0,97.0,184.0,79.0,105.0,91.09,75.24,15.850000000000009,74.0,50.0,24.0,39.0,25.0,14.0,52.7,50.0,2.700000000000003,68.0,56.0,12.0,39.0,29.0,10.0,57.35,51.79,5.560000000000002,97.0,83.0,14.0,72.0,58.0,14.0,74.23,69.88,4.3500000000000085,4.0,2.0,2.0,3.0,2.0,1.0,75.0,100.0,-25.0,29.0,32.0,-3.0,28.0,27.0,1.0,96.55,84.38,12.170000000000002,11.0,9.0,2.0,16.17,15.6,0.5700000000000021,3.99,2.52,1.4700000000000002,13.94,14.71,-0.7700000000000014,11.53,15.0,-3.4700000000000006,19.99,20.2,-0.21000000000000085,9.26,14.12,-4.859999999999999,Draw
2023,2023-10-21,Creighton Bluejays - UCONN Huskies 0:2,UCONN Huskies,0.0,2.0,-2.0,2.13,1.06,1.0699999999999998,22.0,10.0,12.0,5.0,5.0,0.0,22.73,50.0,-27.27,549.0,281.0,268.0,475.0,213.0,262.0,86.52,75.8,10.719999999999999,62.15,37.85,24.299999999999997,112.0,128.0,-16.0,9.0,41.0,-32.0,29.0,52.0,-23.0,74.0,35.0,39.0,101.0,83.0,18.0,36.0,48.0,-12.0,38.0,23.0,15.0,27.0,12.0,15.0,259.0,259.0,0.0,133.0,117.0,16.0,51.35,45.17,6.18,8.0,3.0,5.0,2.0,2.0,0.0,25.0,66.67,-41.67,45.0,21.0,24.0,14.0,8.0,6.0,31.11,38.1,-6.990000000000002,1.0,6.0,-5.0,0.0,2.0,-2.0,0.0,33.33,-33.33,36.0,27.0,9.0,6.0,0.0,6.0,16.67,0.0,16.67,7.0,1.0,6.0,3.0,0.0,3.0,42.86,0.0,42.86,4.0,1.0,3.0,0.0,1.0,-1.0,0.0,100.0,-100.0,0.0,0.0,0.0,0.0,0.0,0.0,0.0,0.0,0.0,25.0,11.0,14.0,6.0,3.0,3.0,24.0,27.27,-3.2699999999999996,5.0,3.0,2.0,19.0,8.0,11.0,52.0,22.0,30.0,19.0,3.0,16.0,13.0,9.0,4.0,40.0,14.0,26.0,101.0,95.0,6.0,52.0,40.0,12.0,51.49,42.11,9.380000000000003,3.0,2.0,1.0,2.0,0.0,2.0,10.0,22.0,-12.0,5.0,5.0,0.0,50.0,22.73,27.27,95.0,101.0,-6.0,55.0,49.0,6.0,57.89,48.51,9.380000000000003,27.0,27.0,0.0,11.0,11.0,0.0,40.74,40.74,0.0,6.0,6.0,0.0,3.0,2.0,1.0,50.0,33.33,16.67,34.0,49.0,-15.0,13.0,27.0,-14.0,16.0,23.0,-7.0,2.0,1.0,1.0,0.0,0.0,0.0,179.0,119.0,60.0,146.0,78.0,68.0,81.56,65.55,16.010000000000005,75.0,40.0,35.0,72.0,37.0,35.0,96.0,92.5,3.5,220.0,84.0,136.0,201.0,68.0,133.0,91.36,80.95,10.409999999999997,38.0,42.0,-4.0,25.0,23.0,2.0,65.79,54.76,11.030000000000008,83.0,36.0,47.0,72.0,24.0,48.0,86.75,66.67,20.08,87.0,62.0,25.0,69.0,34.0,35.0,79.31,54.84,24.47,7.0,2.0,5.0,2.0,1.0,1.0,28.57,50.0,-21.43,33.0,22.0,11.0,29.0,18.0,11.0,87.88,81.82,6.060000000000002,4.0,13.0,-9.0,16.16,13.58,2.58,4.26,2.42,1.8399999999999999,6.92,14.95,-8.03,19.01,17.79,1.2200000000000024,20.16,20.74,-0.5799999999999983,5.02,10.69,-5.67,Loss
2023,2023-10-19,Creighton Bluejays - Akron Zips 3:2,Akron Zips,3.0,2.0,1.0,1.13,2.55,-1.42,9.0,19.0,-10.0,4.0,8.0,-4.0,44.44,42.11,2.3299999999999983,306.0,359.0,-53.0,235.0,299.0,-64.0,76.8,83.29,-6.490000000000009,46.75,53.25,-6.5,95.0,101.0,-6.0,17.0,26.0,-9.0,27.0,35.0,-8.0,51.0,40.0,11.0,75.0,72.0,3.0,28.0,39.0,-11.0,33.0,20.0,13.0,14.0,13.0,1.0,194.0,194.0,0.0,103.0,85.0,18.0,53.09,43.81,9.280000000000001,3.0,6.0,-3.0,1.0,2.0,-1.0,33.33,33.33,0.0,32.0,25.0,7.0,5.0,13.0,-8.0,15.63,52.0,-36.37,3.0,2.0,1.0,0.0,1.0,-1.0,0.0,50.0,-50.0,29.0,41.0,-12.0,4.0,5.0,-1.0,13.79,12.2,1.5899999999999999,6.0,15.0,-9.0,1.0,3.0,-2.0,16.67,20.0,-3.3299999999999983,2.0,3.0,-1.0,1.0,1.0,0.0,50.0,33.33,16.67,0.0,0.0,0.0,0.0,0.0,0.0,0.0,0.0,0.0,15.0,14.0,1.0,5.0,7.0,-2.0,33.33,50.0,-16.67,6.0,7.0,-1.0,7.0,13.0,-6.0,29.0,22.0,7.0,4.0,3.0,1.0,9.0,7.0,2.0,14.0,28.0,-14.0,49.0,83.0,-34.0,23.0,32.0,-9.0,46.94,38.55,8.39,5.0,2.0,3.0,2.0,3.0,-1.0,19.0,9.0,10.0,8.0,4.0,4.0,42.11,44.44,-2.3299999999999983,83.0,49.0,34.0,51.0,26.0,25.0,61.45,53.06,8.39,34.0,34.0,0.0,12.0,18.0,-6.0,35.29,52.94,-17.65,9.0,1.0,8.0,4.0,1.0,3.0,44.44,100.0,-55.56,43.0,41.0,2.0,27.0,15.0,12.0,18.0,15.0,3.0,2.0,2.0,0.0,0.0,0.0,0.0,99.0,128.0,-29.0,65.0,104.0,-39.0,65.66,81.25,-15.590000000000003,51.0,58.0,-7.0,47.0,56.0,-9.0,92.16,96.55,-4.390000000000001,117.0,114.0,3.0,90.0,100.0,-10.0,76.92,87.72,-10.799999999999997,53.0,50.0,3.0,23.0,36.0,-13.0,43.4,72.0,-28.6,57.0,39.0,18.0,34.0,27.0,7.0,59.65,69.23,-9.580000000000005,57.0,69.0,-12.0,41.0,49.0,-8.0,71.93,71.01,0.9200000000000017,8.0,0.0,8.0,4.0,0.0,4.0,50.0,0.0,50.0,20.0,27.0,-7.0,17.0,24.0,-7.0,85.0,88.89,-3.8900000000000006,7.0,5.0,2.0,14.54,14.98,-0.4400000000000013,2.78,2.94,-0.16000000000000014,17.32,13.93,3.3900000000000006,16.14,18.32,-2.1799999999999997,22.41,19.94,2.469999999999999,7.42,8.18,-0.7599999999999998,Win
2023,2023-10-14,Seton Hall Pirates - Creighton Bluejays 2:1,Seton Hall Pirates,1.0,2.0,-1.0,0.98,0.92,0.05999999999999994,9.0,12.0,-3.0,3.0,7.0,-4.0,33.33,58.33,-25.0,545.0,310.0,235.0,438.0,224.0,214.0,80.37,72.26,8.11,62.72,37.28,25.439999999999998,127.0,132.0,-5.0,14.0,30.0,-16.0,31.0,56.0,-25.0,82.0,46.0,36.0,97.0,93.0,4.0,35.0,54.0,-19.0,41.0,28.0,13.0,21.0,11.0,10.0,240.0,240.0,0.0,119.0,111.0,8.0,49.58,46.25,3.3299999999999983,3.0,7.0,-4.0,0.0,4.0,-4.0,0.0,57.14,-57.14,41.0,25.0,16.0,4.0,6.0,-2.0,9.76,24.0,-14.24,0.0,3.0,-3.0,0.0,1.0,-1.0,0.0,33.33,-33.33,21.0,26.0,-5.0,4.0,5.0,-1.0,19.05,19.23,-0.17999999999999972,2.0,5.0,-3.0,1.0,1.0,0.0,50.0,20.0,30.0,3.0,6.0,-3.0,0.0,2.0,-2.0,0.0,33.33,-33.33,0.0,0.0,0.0,0.0,0.0,0.0,0.0,0.0,0.0,19.0,8.0,11.0,6.0,4.0,2.0,31.58,50.0,-18.42,6.0,4.0,2.0,6.0,8.0,-2.0,27.0,16.0,11.0,5.0,1.0,4.0,10.0,5.0,5.0,28.0,14.0,14.0,104.0,74.0,30.0,46.0,31.0,15.0,44.23,41.89,2.3399999999999963,2.0,2.0,0.0,2.0,1.0,1.0,12.0,9.0,3.0,7.0,3.0,4.0,58.33,33.33,25.0,73.0,103.0,-30.0,43.0,57.0,-14.0,58.9,55.34,3.559999999999995,42.0,42.0,0.0,20.0,17.0,3.0,47.62,40.48,7.140000000000001,5.0,2.0,3.0,2.0,1.0,1.0,40.0,50.0,-10.0,41.0,56.0,-15.0,10.0,17.0,-7.0,13.0,12.0,1.0,1.0,2.0,-1.0,0.0,0.0,0.0,179.0,130.0,49.0,115.0,70.0,45.0,64.25,53.85,10.399999999999999,76.0,33.0,43.0,70.0,29.0,41.0,92.11,87.88,4.230000000000004,223.0,90.0,133.0,198.0,82.0,116.0,88.79,91.11,-2.319999999999993,58.0,62.0,-4.0,32.0,35.0,-3.0,55.17,56.45,-1.2800000000000011,86.0,42.0,44.0,54.0,22.0,32.0,62.79,52.38,10.409999999999997,84.0,72.0,12.0,58.0,36.0,22.0,69.05,50.0,19.049999999999997,6.0,3.0,3.0,1.0,2.0,-1.0,16.67,66.67,-50.0,36.0,29.0,7.0,32.0,27.0,5.0,88.89,93.1,-4.209999999999994,8.0,9.0,-1.0,17.38,16.63,0.75,4.33,2.63,1.7000000000000002,10.64,20.0,-9.36,18.02,20.13,-2.1099999999999994,18.76,21.15,-2.389999999999997,7.24,21.87,-14.63,Loss
2023,2023-10-08,Butler Bulldogs - Creighton Bluejays 2:2,Butler Bulldogs,2.0,2.0,0.0,1.58,1.39,0.19000000000000017,14.0,10.0,4.0,8.0,4.0,4.0,57.14,40.0,17.14,429.0,402.0,27.0,322.0,290.0,32.0,75.06,72.14,2.9200000000000017,53.26,46.74,6.519999999999996,152.0,145.0,7.0,35.0,21.0,14.0,58.0,69.0,-11.0,59.0,55.0,4.0,106.0,109.0,-3.0,38.0,44.0,-6.0,54.0,48.0,6.0,14.0,17.0,-3.0,291.0,291.0,0.0,139.0,140.0,-1.0,47.77,48.11,-0.3399999999999963,4.0,2.0,2.0,0.0,1.0,-1.0,0.0,50.0,-50.0,27.0,40.0,-13.0,10.0,5.0,5.0,37.04,12.5,24.54,0.0,1.0,-1.0,0.0,0.0,0.0,0.0,0.0,0.0,35.0,33.0,2.0,3.0,5.0,-2.0,8.57,15.15,-6.58,4.0,8.0,-4.0,1.0,2.0,-1.0,25.0,25.0,0.0,3.0,2.0,1.0,0.0,2.0,-2.0,0.0,100.0,-100.0,0.0,0.0,0.0,0.0,0.0,0.0,0.0,0.0,0.0,19.0,22.0,-3.0,9.0,9.0,0.0,47.37,40.91,6.460000000000001,7.0,11.0,-4.0,9.0,11.0,-2.0,28.0,29.0,-1.0,7.0,4.0,3.0,9.0,13.0,-4.0,25.0,19.0,6.0,104.0,107.0,-3.0,41.0,40.0,1.0,39.42,37.38,2.039999999999999,3.0,4.0,-1.0,2.0,2.0,0.0,10.0,14.0,-4.0,4.0,9.0,-5.0,40.0,64.29,-24.290000000000006,107.0,104.0,3.0,67.0,63.0,4.0,62.62,60.58,2.039999999999999,40.0,40.0,0.0,17.0,19.0,-2.0,42.5,47.5,-5.0,4.0,4.0,0.0,4.0,2.0,2.0,100.0,50.0,50.0,59.0,61.0,-2.0,20.0,11.0,9.0,15.0,18.0,-3.0,0.0,0.0,0.0,0.0,0.0,0.0,140.0,163.0,-23.0,75.0,108.0,-33.0,53.57,66.26,-12.690000000000005,76.0,67.0,9.0,71.0,58.0,13.0,93.42,86.57,6.8500000000000085,145.0,111.0,34.0,126.0,86.0,40.0,86.9,77.48,9.420000000000002,69.0,53.0,16.0,25.0,28.0,-3.0,36.23,52.83,-16.6,65.0,55.0,10.0,28.0,41.0,-13.0,43.08,74.55,-31.47,64.0,113.0,-49.0,37.0,70.0,-33.0,57.81,61.95,-4.140000000000001,12.0,7.0,5.0,4.0,4.0,0.0,33.33,57.14,-23.810000000000002,23.0,31.0,-8.0,21.0,26.0,-5.0,91.3,83.87,7.429999999999993,10.0,8.0,2.0,15.97,17.04,-1.0699999999999985,3.33,2.87,0.45999999999999996,16.08,13.18,2.8999999999999986,15.35,15.7,-0.34999999999999964,19.92,20.39,-0.46999999999999886,5.28,6.86,-1.58,Draw
2023,2023-10-04,Creighton Bluejays - Omaha Mavericks 2:2,Omaha Mavericks,2.0,2.0,0.0,1.84,4.11,-2.2700000000000005,18.0,17.0,1.0,4.0,8.0,-4.0,22.22,47.06,-24.840000000000003,373.0,353.0,20.0,307.0,289.0,18.0,82.31,81.87,0.4399999999999977,51.29,48.71,2.5799999999999983,101.0,96.0,5.0,14.0,24.0,-10.0,36.0,34.0,2.0,51.0,38.0,13.0,78.0,66.0,12.0,32.0,31.0,1.0,34.0,25.0,9.0,12.0,10.0,2.0,174.0,174.0,0.0,72.0,97.0,-25.0,41.38,55.75,-14.369999999999997,5.0,5.0,0.0,1.0,2.0,-1.0,20.0,40.0,-20.0,30.0,28.0,2.0,10.0,11.0,-1.0,33.33,39.29,-5.960000000000001,1.0,2.0,-1.0,1.0,1.0,0.0,100.0,50.0,50.0,40.0,34.0,6.0,7.0,1.0,6.0,17.5,2.94,14.56,13.0,4.0,9.0,6.0,0.0,6.0,46.15,0.0,46.15,3.0,3.0,0.0,0.0,1.0,-1.0,0.0,33.33,-33.33,0.0,2.0,-2.0,0.0,1.0,-1.0,0.0,50.0,-50.0,14.0,9.0,5.0,4.0,3.0,1.0,28.57,33.33,-4.759999999999998,5.0,3.0,2.0,2.0,6.0,-4.0,22.0,20.0,2.0,6.0,6.0,0.0,9.0,6.0,3.0,21.0,17.0,4.0,64.0,54.0,10.0,28.0,32.0,-4.0,43.75,59.26,-15.509999999999998,1.0,7.0,-6.0,2.0,2.0,0.0,17.0,18.0,-1.0,9.0,5.0,4.0,52.94,27.78,25.159999999999997,54.0,64.0,-10.0,22.0,36.0,-14.0,40.74,56.25,-15.509999999999998,38.0,38.0,0.0,19.0,18.0,1.0,50.0,47.37,2.6300000000000026,2.0,1.0,1.0,0.0,1.0,-1.0,0.0,100.0,-100.0,34.0,43.0,-9.0,8.0,26.0,-18.0,15.0,13.0,2.0,4.0,1.0,3.0,1.0,1.0,0.0,126.0,130.0,-4.0,91.0,89.0,2.0,72.22,68.46,3.760000000000005,50.0,60.0,-10.0,48.0,57.0,-9.0,96.0,95.0,1.0,161.0,126.0,35.0,142.0,110.0,32.0,88.2,87.3,0.9000000000000057,47.0,47.0,0.0,26.0,21.0,5.0,55.32,44.68,10.64,59.0,51.0,8.0,44.0,30.0,14.0,74.58,58.82,15.759999999999998,74.0,67.0,7.0,56.0,44.0,12.0,75.68,65.67,10.010000000000005,1.0,6.0,-5.0,1.0,3.0,-2.0,100.0,50.0,50.0,20.0,17.0,3.0,19.0,16.0,3.0,95.0,94.12,0.8799999999999955,8.0,18.0,-10.0,14.62,14.57,0.049999999999998934,3.24,3.3,-0.05999999999999961,12.6,13.31,-0.7100000000000009,17.5,15.35,2.1500000000000004,21.56,20.69,0.8699999999999974,10.64,8.62,2.0200000000000014,Draw
2023,2023-09-30,Creighton Bluejays - Xavier Musketeers 0:1,Xavier Musketeers,0.0,1.0,-1.0,0.73,0.81,-0.08000000000000007,7.0,9.0,-2.0,1.0,5.0,-4.0,14.29,55.56,-41.27,452.0,288.0,164.0,359.0,227.0,132.0,79.42,78.82,0.6000000000000085,60.08,39.92,20.159999999999997,132.0,114.0,18.0,14.0,28.0,-14.0,48.0,52.0,-4.0,70.0,34.0,36.0,104.0,96.0,8.0,39.0,50.0,-11.0,50.0,38.0,12.0,15.0,8.0,7.0,280.0,280.0,0.0,130.0,141.0,-11.0,46.43,50.36,-3.9299999999999997,3.0,3.0,0.0,1.0,3.0,-2.0,33.33,100.0,-66.67,27.0,15.0,12.0,1.0,7.0,-6.0,3.7,46.67,-42.97,3.0,1.0,2.0,0.0,1.0,-1.0,0.0,100.0,-100.0,44.0,32.0,12.0,6.0,1.0,5.0,13.64,3.13,10.510000000000002,9.0,4.0,5.0,1.0,1.0,0.0,11.11,25.0,-13.89,6.0,3.0,3.0,3.0,0.0,3.0,50.0,0.0,50.0,0.0,0.0,0.0,0.0,0.0,0.0,0.0,0.0,0.0,18.0,7.0,11.0,3.0,3.0,0.0,16.67,42.86,-26.189999999999998,4.0,3.0,1.0,6.0,3.0,3.0,28.0,14.0,14.0,4.0,4.0,0.0,9.0,5.0,4.0,21.0,10.0,11.0,83.0,86.0,-3.0,35.0,40.0,-5.0,42.17,46.51,-4.339999999999996,3.0,5.0,-2.0,1.0,0.0,1.0,9.0,7.0,2.0,5.0,1.0,4.0,55.56,14.29,41.27,86.0,83.0,3.0,46.0,48.0,-2.0,53.49,57.83,-4.339999999999996,64.0,64.0,0.0,32.0,27.0,5.0,50.0,42.19,7.810000000000002,6.0,7.0,-1.0,3.0,6.0,-3.0,50.0,85.71,-35.709999999999994,24.0,49.0,-25.0,12.0,33.0,-21.0,17.0,26.0,-9.0,2.0,4.0,-2.0,0.0,0.0,0.0,176.0,126.0,50.0,122.0,82.0,40.0,69.32,65.08,4.239999999999995,70.0,51.0,19.0,67.0,48.0,19.0,95.71,94.12,1.5899999999999892,154.0,65.0,89.0,133.0,59.0,74.0,86.36,90.77,-4.409999999999997,59.0,51.0,8.0,31.0,38.0,-7.0,52.54,74.51,-21.970000000000006,65.0,31.0,34.0,38.0,14.0,24.0,58.46,45.16,13.300000000000004,68.0,66.0,2.0,52.0,45.0,7.0,76.47,68.18,8.289999999999992,6.0,7.0,-1.0,1.0,1.0,0.0,16.67,14.29,2.3800000000000026,28.0,13.0,15.0,26.0,12.0,14.0,92.86,92.31,0.5499999999999972,4.0,14.0,-10.0,14.88,14.27,0.6100000000000012,3.4,2.77,0.6299999999999999,13.05,17.71,-4.66,14.99,17.21,-2.2200000000000006,21.45,20.39,1.0599999999999987,7.12,8.67,-1.5499999999999998,Loss
2023,2023-09-23,DePaul Blue Demons - Creighton Bluejays 1:2,DePaul Blue Demons,2.0,1.0,1.0,3.0,1.22,1.78,33.0,8.0,25.0,8.0,3.0,5.0,24.24,37.5,-13.260000000000002,557.0,255.0,302.0,479.0,172.0,307.0,86.0,67.45,18.549999999999997,67.14,32.86,34.28,113.0,119.0,-6.0,20.0,41.0,-21.0,30.0,38.0,-8.0,63.0,40.0,23.0,92.0,86.0,6.0,32.0,48.0,-16.0,40.0,23.0,17.0,20.0,15.0,5.0,205.0,205.0,0.0,93.0,108.0,-15.0,45.37,52.68,-7.310000000000002,11.0,2.0,9.0,1.0,0.0,1.0,9.09,0.0,9.09,35.0,19.0,16.0,15.0,4.0,11.0,42.86,21.05,21.81,2.0,1.0,1.0,1.0,0.0,1.0,50.0,0.0,50.0,37.0,38.0,-1.0,16.0,3.0,13.0,43.24,7.89,35.35,10.0,3.0,7.0,7.0,0.0,7.0,70.0,0.0,70.0,3.0,7.0,-4.0,2.0,1.0,1.0,66.67,14.29,52.38,0.0,0.0,0.0,0.0,0.0,0.0,0.0,0.0,0.0,20.0,6.0,14.0,13.0,1.0,12.0,65.0,16.67,48.33,10.0,2.0,8.0,19.0,5.0,14.0,47.0,18.0,29.0,21.0,6.0,15.0,6.0,1.0,5.0,63.0,15.0,48.0,87.0,58.0,29.0,31.0,33.0,-2.0,35.63,56.9,-21.269999999999996,2.0,5.0,-3.0,1.0,2.0,-1.0,8.0,33.0,-25.0,3.0,8.0,-5.0,37.5,24.24,13.260000000000002,58.0,87.0,-29.0,25.0,56.0,-31.0,43.1,64.37,-21.270000000000003,34.0,34.0,0.0,24.0,10.0,14.0,70.59,29.41,41.18000000000001,1.0,6.0,-5.0,0.0,1.0,-1.0,0.0,16.67,-16.67,38.0,73.0,-35.0,16.0,12.0,4.0,20.0,13.0,7.0,4.0,0.0,4.0,0.0,0.0,0.0,177.0,118.0,59.0,133.0,62.0,71.0,75.14,52.54,22.6,72.0,34.0,38.0,65.0,30.0,35.0,90.28,88.24,2.0400000000000063,242.0,71.0,171.0,227.0,56.0,171.0,93.8,78.87,14.929999999999993,56.0,58.0,-2.0,32.0,30.0,2.0,57.14,51.72,5.420000000000002,80.0,37.0,43.0,57.0,17.0,40.0,71.25,45.95,25.299999999999997,80.0,61.0,19.0,67.0,31.0,36.0,83.75,50.82,32.93,1.0,8.0,-7.0,0.0,3.0,-3.0,0.0,37.5,-37.5,19.0,19.0,0.0,19.0,17.0,2.0,100.0,89.47,10.530000000000001,9.0,15.0,-6.0,16.25,15.2,1.0500000000000007,4.64,2.48,2.1599999999999997,10.05,22.75,-12.7,17.4,17.45,-0.05000000000000071,19.0,22.8,-3.8000000000000007,6.13,9.5,-3.37,Win
2023,2023-09-20,Tulsa Hurricane - Creighton Bluejays 0:0,Tulsa Hurricane,0.0,0.0,0.0,1.03,1.85,-0.8200000000000001,10.0,15.0,-5.0,3.0,5.0,-2.0,30.0,33.33,-3.3299999999999983,293.0,550.0,-257.0,219.0,467.0,-248.0,74.74,84.91,-10.170000000000002,38.11,61.89,-23.78,91.0,101.0,-10.0,18.0,23.0,-5.0,28.0,38.0,-10.0,45.0,40.0,5.0,78.0,82.0,-4.0,28.0,40.0,-12.0,31.0,29.0,2.0,19.0,13.0,6.0,192.0,192.0,0.0,99.0,87.0,12.0,51.56,45.31,6.25,3.0,3.0,0.0,0.0,2.0,-2.0,0.0,66.67,-66.67,25.0,20.0,5.0,5.0,3.0,2.0,20.0,15.0,5.0,1.0,1.0,0.0,1.0,0.0,1.0,100.0,0.0,100.0,35.0,33.0,2.0,3.0,12.0,-9.0,8.57,36.36,-27.79,7.0,10.0,-3.0,3.0,4.0,-1.0,42.86,40.0,2.8599999999999994,1.0,3.0,-2.0,0.0,3.0,-3.0,0.0,100.0,-100.0,0.0,0.0,0.0,0.0,0.0,0.0,0.0,0.0,0.0,14.0,17.0,-3.0,2.0,4.0,-2.0,14.29,23.53,-9.240000000000002,3.0,4.0,-1.0,4.0,9.0,-5.0,20.0,23.0,-3.0,7.0,6.0,1.0,6.0,8.0,-2.0,20.0,29.0,-9.0,64.0,87.0,-23.0,34.0,37.0,-3.0,53.13,42.53,10.600000000000001,0.0,2.0,-2.0,0.0,0.0,0.0,15.0,10.0,5.0,5.0,4.0,1.0,33.33,40.0,-6.670000000000002,87.0,64.0,23.0,50.0,30.0,20.0,57.47,46.88,10.589999999999996,16.0,16.0,0.0,6.0,8.0,-2.0,37.5,50.0,-12.5,14.0,3.0,11.0,10.0,0.0,10.0,71.43,0.0,71.43,44.0,41.0,3.0,27.0,16.0,11.0,14.0,16.0,-2.0,2.0,2.0,0.0,0.0,0.0,0.0,111.0,175.0,-64.0,68.0,132.0,-64.0,61.26,75.43,-14.170000000000009,37.0,86.0,-49.0,35.0,81.0,-46.0,94.59,94.19,0.4000000000000057,100.0,196.0,-96.0,83.0,175.0,-92.0,83.0,89.29,-6.290000000000006,43.0,49.0,-6.0,17.0,24.0,-7.0,39.53,48.98,-9.449999999999996,50.0,41.0,9.0,27.0,26.0,1.0,54.0,63.41,-9.409999999999997,44.0,71.0,-27.0,29.0,43.0,-14.0,65.91,60.56,5.349999999999994,0.0,10.0,-10.0,0.0,1.0,-1.0,0.0,10.0,-10.0,15.0,31.0,-16.0,15.0,31.0,-16.0,100.0,100.0,0.0,11.0,9.0,2.0,14.62,16.89,-2.2700000000000014,2.71,4.7,-1.9900000000000002,14.68,8.91,5.77,19.02,15.04,3.9800000000000004,20.06,18.97,1.0899999999999999,13.52,5.9,7.619999999999999,Draw
2023,2023-09-16,Creighton Bluejays - Marquette Golden Eagles 2:1,Marquette Golden Eagles,2.0,1.0,1.0,2.71,0.44,2.27,17.0,6.0,11.0,9.0,6.0,3.0,52.94,100.0,-47.06,376.0,332.0,44.0,282.0,231.0,51.0,75.0,69.58,5.420000000000002,56.83,43.17,13.659999999999997,125.0,138.0,-13.0,14.0,31.0,-17.0,42.0,54.0,-12.0,69.0,53.0,16.0,102.0,87.0,15.0,42.0,43.0,-1.0,47.0,36.0,11.0,13.0,8.0,5.0,223.0,223.0,0.0,115.0,99.0,16.0,51.57,44.39,7.18,6.0,3.0,3.0,3.0,3.0,0.0,50.0,100.0,-50.0,43.0,15.0,28.0,10.0,1.0,9.0,23.26,6.67,16.590000000000003,1.0,0.0,1.0,1.0,0.0,1.0,100.0,0.0,100.0,31.0,41.0,-10.0,5.0,3.0,2.0,16.13,7.32,8.809999999999999,7.0,4.0,3.0,2.0,1.0,1.0,28.57,25.0,3.5700000000000003,2.0,5.0,-3.0,1.0,1.0,0.0,50.0,20.0,30.0,0.0,0.0,0.0,0.0,0.0,0.0,0.0,0.0,0.0,17.0,15.0,2.0,2.0,6.0,-4.0,11.76,40.0,-28.240000000000002,4.0,5.0,-1.0,7.0,1.0,6.0,36.0,21.0,15.0,13.0,1.0,12.0,10.0,10.0,0.0,23.0,7.0,16.0,85.0,77.0,8.0,37.0,29.0,8.0,43.53,37.66,5.8700000000000045,8.0,5.0,3.0,1.0,2.0,-1.0,6.0,17.0,-11.0,6.0,10.0,-4.0,100.0,58.82,41.18,77.0,85.0,-8.0,48.0,48.0,0.0,62.34,56.47,5.8700000000000045,30.0,30.0,0.0,17.0,12.0,5.0,56.67,40.0,16.67,5.0,0.0,5.0,4.0,0.0,4.0,80.0,0.0,80.0,34.0,50.0,-16.0,20.0,19.0,1.0,21.0,17.0,4.0,6.0,3.0,3.0,0.0,0.0,0.0,149.0,155.0,-6.0,93.0,96.0,-3.0,62.42,61.94,0.480000000000004,41.0,30.0,11.0,39.0,28.0,11.0,95.12,93.33,1.7900000000000063,135.0,110.0,25.0,107.0,82.0,25.0,79.26,74.55,4.710000000000008,57.0,74.0,-17.0,24.0,31.0,-7.0,42.11,41.89,0.21999999999999886,71.0,55.0,16.0,41.0,30.0,11.0,57.75,54.55,3.200000000000003,84.0,75.0,9.0,53.0,44.0,9.0,63.1,58.67,4.43,4.0,4.0,0.0,3.0,1.0,2.0,75.0,25.0,50.0,27.0,25.0,2.0,23.0,24.0,-1.0,85.19,96.0,-10.810000000000002,2.0,9.0,-7.0,13.52,15.72,-2.200000000000001,2.61,2.44,0.16999999999999993,15.16,22.29,-7.129999999999999,18.16,21.79,-3.629999999999999,22.29,21.84,0.4499999999999993,6.17,8.27,-2.0999999999999996,Win
2023,2023-09-13,UMKC Kangaroos - Creighton Bluejays 2:1,UMKC Kangaroos,1.0,2.0,-1.0,1.13,1.78,-0.6500000000000001,13.0,11.0,2.0,1.0,5.0,-4.0,7.69,45.45,-37.760000000000005,455.0,387.0,68.0,371.0,303.0,68.0,81.54,78.29,3.25,54.94,45.06,9.879999999999995,98.0,113.0,-15.0,8.0,30.0,-22.0,36.0,40.0,-4.0,54.0,43.0,11.0,74.0,79.0,-5.0,30.0,38.0,-8.0,26.0,32.0,-6.0,18.0,9.0,9.0,212.0,212.0,0.0,108.0,100.0,8.0,50.94,47.17,3.769999999999996,5.0,3.0,2.0,0.0,1.0,-1.0,0.0,33.33,-33.33,36.0,27.0,9.0,8.0,6.0,2.0,22.22,22.22,0.0,0.0,1.0,-1.0,0.0,0.0,0.0,0.0,0.0,0.0,38.0,38.0,0.0,4.0,5.0,-1.0,10.53,13.16,-2.630000000000001,7.0,5.0,2.0,2.0,2.0,0.0,28.57,40.0,-11.43,3.0,5.0,-2.0,0.0,2.0,-2.0,0.0,40.0,-40.0,0.0,0.0,0.0,0.0,0.0,0.0,0.0,0.0,0.0,18.0,12.0,6.0,5.0,6.0,-1.0,27.78,50.0,-22.22,4.0,5.0,-1.0,13.0,7.0,6.0,33.0,21.0,12.0,9.0,3.0,6.0,7.0,7.0,0.0,32.0,18.0,14.0,87.0,78.0,9.0,43.0,29.0,14.0,49.43,37.18,12.25,3.0,8.0,-5.0,2.0,1.0,1.0,11.0,13.0,-2.0,5.0,1.0,4.0,45.45,7.69,37.760000000000005,78.0,87.0,-9.0,49.0,44.0,5.0,62.82,50.57,12.25,18.0,18.0,0.0,9.0,9.0,0.0,50.0,50.0,0.0,1.0,4.0,-3.0,0.0,1.0,-1.0,0.0,25.0,-25.0,31.0,45.0,-14.0,11.0,17.0,-6.0,16.0,18.0,-2.0,3.0,3.0,0.0,0.0,0.0,0.0,171.0,145.0,26.0,119.0,88.0,31.0,69.59,60.69,8.900000000000006,66.0,45.0,21.0,63.0,40.0,23.0,95.45,88.89,6.560000000000002,159.0,157.0,2.0,142.0,141.0,1.0,89.31,89.81,-0.5,55.0,54.0,1.0,30.0,18.0,12.0,54.55,33.33,21.22,65.0,45.0,20.0,39.0,28.0,11.0,60.0,62.22,-2.219999999999999,69.0,90.0,-21.0,51.0,44.0,7.0,73.91,48.89,25.019999999999996,2.0,3.0,-1.0,2.0,1.0,1.0,100.0,33.33,66.67,22.0,28.0,-6.0,22.0,25.0,-3.0,100.0,89.29,10.709999999999994,5.0,14.0,-9.0,15.68,16.26,-0.5800000000000018,3.67,3.15,0.52,12.09,13.95,-1.8599999999999994,17.76,16.58,1.1800000000000033,20.11,21.86,-1.75,9.13,8.59,0.5400000000000009,Loss
2023,2023-09-09,Creighton Bluejays - Michigan Wolverines 3:1,Michigan Wolverines,3.0,1.0,2.0,1.74,1.15,0.5900000000000001,15.0,12.0,3.0,8.0,3.0,5.0,53.33,25.0,28.33,425.0,459.0,-34.0,345.0,360.0,-15.0,81.18,78.43,2.75,49.54,50.46,-0.9200000000000017,115.0,129.0,-14.0,25.0,23.0,2.0,41.0,47.0,-6.0,49.0,59.0,-10.0,98.0,100.0,-2.0,40.0,38.0,2.0,41.0,42.0,-1.0,17.0,20.0,-3.0,239.0,239.0,0.0,104.0,129.0,-25.0,43.51,53.97,-10.46,4.0,5.0,-1.0,2.0,0.0,2.0,50.0,0.0,50.0,35.0,29.0,6.0,13.0,7.0,6.0,37.14,24.14,13.0,2.0,0.0,2.0,0.0,0.0,0.0,0.0,0.0,0.0,17.0,41.0,-24.0,2.0,4.0,-2.0,11.76,9.76,2.0,3.0,12.0,-9.0,0.0,4.0,-4.0,0.0,33.33,-33.33,0.0,4.0,-4.0,0.0,0.0,0.0,0.0,0.0,0.0,0.0,0.0,0.0,0.0,0.0,0.0,0.0,0.0,0.0,17.0,20.0,-3.0,9.0,5.0,4.0,52.94,25.0,27.939999999999998,7.0,6.0,1.0,14.0,7.0,7.0,32.0,32.0,0.0,9.0,9.0,0.0,9.0,12.0,-3.0,29.0,22.0,7.0,76.0,95.0,-19.0,23.0,48.0,-25.0,30.26,50.53,-20.27,0.0,1.0,-1.0,1.0,3.0,-2.0,12.0,15.0,-3.0,4.0,9.0,-5.0,33.33,60.0,-26.67,95.0,76.0,19.0,47.0,53.0,-6.0,49.47,69.74,-20.269999999999996,33.0,33.0,0.0,16.0,16.0,0.0,48.48,48.48,0.0,9.0,3.0,6.0,5.0,0.0,5.0,55.56,0.0,55.56,62.0,33.0,29.0,31.0,7.0,24.0,20.0,9.0,11.0,5.0,1.0,4.0,0.0,0.0,0.0,140.0,164.0,-24.0,99.0,103.0,-4.0,70.71,62.8,7.909999999999997,68.0,50.0,18.0,64.0,46.0,18.0,94.12,92.0,2.1200000000000045,152.0,156.0,-4.0,131.0,139.0,-8.0,86.18,89.1,-2.9199999999999875,59.0,55.0,4.0,33.0,28.0,5.0,55.93,50.91,5.020000000000003,52.0,46.0,6.0,37.0,26.0,11.0,71.15,56.52,14.630000000000003,73.0,86.0,-13.0,54.0,48.0,6.0,73.97,55.81,18.159999999999997,5.0,2.0,3.0,0.0,1.0,-1.0,0.0,50.0,-50.0,22.0,24.0,-2.0,19.0,21.0,-2.0,86.36,87.5,-1.1400000000000006,9.0,10.0,-1.0,14.75,15.63,-0.8800000000000008,3.54,3.43,0.10999999999999988,13.88,11.98,1.9000000000000004,22.92,18.47,4.450000000000003,20.02,19.57,0.4499999999999993,7.0,9.5,-2.5,Win
2023,2023-09-05,Denver Pioneers - Creighton Bluejays 2:2,Denver Pioneers,2.0,2.0,0.0,0.86,2.07,-1.21,9.0,14.0,-5.0,4.0,6.0,-2.0,44.44,42.86,1.5799999999999983,562.0,319.0,243.0,495.0,252.0,243.0,88.08,79.0,9.079999999999998,61.94,38.06,23.879999999999995,86.0,90.0,-4.0,10.0,28.0,-18.0,24.0,31.0,-7.0,52.0,31.0,21.0,77.0,65.0,12.0,28.0,42.0,-14.0,23.0,19.0,4.0,26.0,4.0,22.0,196.0,196.0,0.0,89.0,87.0,2.0,45.41,44.39,1.019999999999996,3.0,4.0,-1.0,2.0,2.0,0.0,66.67,50.0,16.67,39.0,24.0,15.0,4.0,12.0,-8.0,10.26,50.0,-39.74,0.0,0.0,0.0,0.0,0.0,0.0,0.0,0.0,0.0,28.0,28.0,0.0,4.0,2.0,2.0,14.29,7.14,7.1499999999999995,8.0,3.0,5.0,3.0,1.0,2.0,37.5,33.33,4.170000000000002,1.0,3.0,-2.0,0.0,1.0,-1.0,0.0,33.33,-33.33,0.0,0.0,0.0,0.0,0.0,0.0,0.0,0.0,0.0,26.0,10.0,16.0,12.0,5.0,7.0,46.15,50.0,-3.8500000000000014,13.0,5.0,8.0,9.0,5.0,4.0,37.0,17.0,20.0,8.0,2.0,6.0,16.0,8.0,8.0,20.0,19.0,1.0,69.0,46.0,23.0,24.0,19.0,5.0,34.78,41.3,-6.519999999999996,2.0,5.0,-3.0,2.0,2.0,0.0,14.0,9.0,5.0,6.0,4.0,2.0,42.86,44.44,-1.5799999999999983,46.0,69.0,-23.0,27.0,45.0,-18.0,58.7,65.22,-6.519999999999996,41.0,41.0,0.0,19.0,13.0,6.0,46.34,31.71,14.630000000000003,6.0,2.0,4.0,3.0,0.0,3.0,50.0,0.0,50.0,25.0,34.0,-9.0,15.0,31.0,-16.0,8.0,7.0,1.0,1.0,0.0,1.0,0.0,0.0,0.0,164.0,121.0,43.0,131.0,70.0,61.0,79.88,57.85,22.029999999999994,68.0,67.0,1.0,65.0,65.0,0.0,95.59,97.01,-1.4200000000000017,248.0,104.0,144.0,226.0,95.0,131.0,91.13,91.35,-0.21999999999999886,42.0,53.0,-11.0,18.0,22.0,-4.0,42.86,41.51,1.3500000000000014,82.0,38.0,44.0,63.0,18.0,45.0,76.83,47.37,29.46,74.0,58.0,16.0,63.0,34.0,29.0,85.14,58.62,26.520000000000003,8.0,0.0,8.0,3.0,0.0,3.0,37.5,0.0,37.5,24.0,21.0,3.0,24.0,20.0,4.0,100.0,95.24,4.760000000000005,8.0,15.0,-7.0,15.84,14.63,1.209999999999999,5.46,3.01,2.45,7.47,16.61,-9.14,15.34,15.67,-0.33000000000000007,19.3,22.93,-3.629999999999999,9.67,26.33,-16.659999999999997,Draw
2023,2023-09-02,Creighton Bluejays - Grand Canyon Lopes 1:2,Grand Canyon Lopes,1.0,2.0,-1.0,2.01,1.65,0.3599999999999999,16.0,11.0,5.0,5.0,7.0,-2.0,31.25,63.64,-32.39,479.0,348.0,131.0,386.0,270.0,116.0,80.58,77.59,2.989999999999995,57.07,42.93,14.14,121.0,110.0,11.0,13.0,27.0,-14.0,42.0,53.0,-11.0,66.0,30.0,36.0,99.0,84.0,15.0,29.0,43.0,-14.0,51.0,30.0,21.0,19.0,11.0,8.0,239.0,239.0,0.0,131.0,99.0,32.0,54.81,41.42,13.39,2.0,6.0,-4.0,1.0,4.0,-3.0,50.0,66.67,-16.67,38.0,19.0,19.0,12.0,7.0,5.0,31.58,36.84,-5.260000000000005,0.0,2.0,-2.0,0.0,1.0,-1.0,0.0,50.0,-50.0,43.0,24.0,19.0,4.0,3.0,1.0,9.3,12.5,-3.1999999999999993,14.0,3.0,11.0,3.0,1.0,2.0,21.43,33.33,-11.899999999999999,3.0,1.0,2.0,0.0,1.0,-1.0,0.0,100.0,-100.0,0.0,0.0,0.0,0.0,0.0,0.0,0.0,0.0,0.0,20.0,8.0,12.0,6.0,2.0,4.0,30.0,25.0,5.0,5.0,2.0,3.0,11.0,3.0,8.0,39.0,10.0,29.0,12.0,4.0,8.0,10.0,3.0,7.0,32.0,9.0,23.0,89.0,82.0,7.0,44.0,30.0,14.0,49.44,36.59,12.849999999999994,1.0,3.0,-2.0,2.0,1.0,1.0,11.0,16.0,-5.0,7.0,7.0,0.0,63.64,43.75,19.89,82.0,89.0,-7.0,52.0,45.0,7.0,63.41,50.56,12.849999999999994,32.0,32.0,0.0,16.0,11.0,5.0,50.0,34.38,15.619999999999997,6.0,4.0,2.0,2.0,0.0,2.0,33.33,0.0,33.33,45.0,59.0,-14.0,9.0,30.0,-21.0,10.0,21.0,-11.0,3.0,5.0,-2.0,0.0,0.0,0.0,170.0,122.0,48.0,122.0,71.0,51.0,71.76,58.2,13.560000000000002,66.0,50.0,16.0,61.0,49.0,12.0,92.42,98.0,-5.579999999999998,198.0,132.0,66.0,178.0,114.0,64.0,89.9,86.36,3.5400000000000063,47.0,46.0,1.0,29.0,24.0,5.0,61.7,52.17,9.530000000000001,64.0,30.0,34.0,45.0,11.0,34.0,70.31,36.67,33.64,90.0,57.0,33.0,70.0,30.0,40.0,77.78,52.63,25.15,7.0,3.0,4.0,4.0,0.0,4.0,57.14,0.0,57.14,20.0,31.0,-11.0,20.0,28.0,-8.0,100.0,90.32,9.680000000000007,5.0,15.0,-10.0,16.3,15.74,0.5600000000000005,3.71,2.83,0.8799999999999999,9.81,13.22,-3.41,15.05,19.31,-4.259999999999998,21.89,20.14,1.75,6.02,9.31,-3.290000000000001,Loss
2023,2023-08-28,UC Irvine Anteaters - Creighton Bluejays 0:0,UC Irvine Anteaters,0.0,0.0,0.0,0.58,1.54,-0.9600000000000001,6.0,12.0,-6.0,2.0,6.0,-4.0,33.33,50.0,-16.67,503.0,346.0,157.0,423.0,280.0,143.0,84.1,80.92,3.1799999999999926,61.25,38.75,22.5,95.0,113.0,-18.0,21.0,28.0,-7.0,29.0,41.0,-12.0,45.0,44.0,1.0,78.0,74.0,4.0,24.0,35.0,-11.0,29.0,25.0,4.0,25.0,14.0,11.0,210.0,210.0,0.0,102.0,95.0,7.0,48.57,45.24,3.3299999999999983,2.0,3.0,-1.0,1.0,2.0,-1.0,50.0,66.67,-16.67,24.0,17.0,7.0,3.0,6.0,-3.0,12.5,35.29,-22.79,0.0,1.0,-1.0,0.0,1.0,-1.0,0.0,100.0,-100.0,31.0,28.0,3.0,2.0,4.0,-2.0,6.45,14.29,-7.839999999999999,3.0,4.0,-1.0,0.0,2.0,-2.0,0.0,50.0,-50.0,1.0,3.0,-2.0,0.0,1.0,-1.0,0.0,33.33,-33.33,0.0,0.0,0.0,0.0,0.0,0.0,0.0,0.0,0.0,13.0,9.0,4.0,3.0,5.0,-2.0,23.08,55.56,-32.480000000000004,5.0,6.0,-1.0,5.0,4.0,1.0,25.0,19.0,6.0,4.0,1.0,3.0,8.0,7.0,1.0,14.0,18.0,-4.0,87.0,66.0,21.0,40.0,29.0,11.0,45.98,43.94,2.039999999999999,1.0,5.0,-4.0,0.0,0.0,0.0,12.0,6.0,6.0,6.0,2.0,4.0,50.0,33.33,16.67,66.0,87.0,-21.0,37.0,47.0,-10.0,56.06,54.02,2.039999999999999,20.0,20.0,0.0,13.0,5.0,8.0,65.0,25.0,40.0,6.0,2.0,4.0,2.0,0.0,2.0,33.33,0.0,33.33,35.0,53.0,-18.0,14.0,21.0,-7.0,16.0,14.0,2.0,3.0,2.0,1.0,0.0,0.0,0.0,151.0,124.0,27.0,112.0,85.0,27.0,74.17,68.55,5.6200000000000045,79.0,53.0,26.0,75.0,47.0,28.0,94.94,88.68,6.259999999999991,194.0,119.0,75.0,174.0,109.0,65.0,89.69,91.6,-1.9099999999999966,32.0,51.0,-19.0,13.0,33.0,-20.0,40.63,64.71,-24.07999999999999,58.0,32.0,26.0,43.0,18.0,25.0,74.14,56.25,17.89,67.0,66.0,1.0,44.0,35.0,9.0,65.67,53.03,12.64,7.0,2.0,5.0,2.0,2.0,0.0,28.57,100.0,-71.43,24.0,26.0,-2.0,21.0,23.0,-2.0,87.5,88.46,-0.9599999999999937,9.0,7.0,2.0,15.85,17.23,-1.3800000000000008,4.75,3.26,1.4900000000000002,6.36,14.74,-8.379999999999999,19.78,17.72,2.0600000000000023,18.09,19.19,-1.1000000000000014,5.98,7.77,-1.7899999999999991,Draw
2023,2023-08-25,Stanford Cardinal - Creighton Bluejays 3:1,Stanford Cardinal,1.0,3.0,-2.0,0.91,3.06,-2.15,7.0,18.0,-11.0,4.0,8.0,-4.0,57.14,44.44,12.700000000000003,372.0,378.0,-6.0,275.0,293.0,-18.0,73.92,77.51,-3.5900000000000034,52.88,47.12,5.760000000000005,144.0,126.0,18.0,36.0,16.0,20.0,52.0,46.0,6.0,56.0,64.0,-8.0,103.0,119.0,-16.0,49.0,48.0,1.0,43.0,50.0,-7.0,11.0,21.0,-10.0,287.0,287.0,0.0,142.0,127.0,15.0,49.48,44.25,5.229999999999997,2.0,4.0,-2.0,2.0,0.0,2.0,100.0,0.0,100.0,23.0,40.0,-17.0,2.0,14.0,-12.0,8.7,35.0,-26.3,0.0,1.0,-1.0,0.0,1.0,-1.0,0.0,100.0,-100.0,38.0,22.0,16.0,5.0,2.0,3.0,13.16,9.09,4.07,8.0,5.0,3.0,4.0,2.0,2.0,50.0,40.0,10.0,1.0,4.0,-3.0,0.0,0.0,0.0,0.0,0.0,0.0,0.0,0.0,0.0,0.0,0.0,0.0,0.0,0.0,0.0,12.0,19.0,-7.0,4.0,7.0,-3.0,33.33,36.84,-3.510000000000005,3.0,7.0,-4.0,3.0,11.0,-8.0,19.0,30.0,-11.0,5.0,4.0,1.0,6.0,10.0,-4.0,13.0,31.0,-18.0,85.0,89.0,-4.0,36.0,45.0,-9.0,42.35,50.56,-8.21,1.0,3.0,-2.0,3.0,1.0,2.0,18.0,7.0,11.0,8.0,4.0,4.0,44.44,57.14,-12.700000000000003,89.0,85.0,4.0,44.0,49.0,-5.0,49.44,57.65,-8.21,68.0,68.0,0.0,40.0,22.0,18.0,58.82,32.35,26.47,4.0,3.0,1.0,2.0,1.0,1.0,50.0,33.33,16.67,39.0,43.0,-4.0,7.0,19.0,-12.0,14.0,19.0,-5.0,4.0,1.0,3.0,0.0,0.0,0.0,141.0,169.0,-28.0,80.0,119.0,-39.0,56.74,70.41,-13.669999999999995,46.0,56.0,-10.0,41.0,50.0,-9.0,89.13,89.29,-0.1600000000000108,143.0,102.0,41.0,121.0,90.0,31.0,84.62,88.24,-3.6199999999999903,65.0,56.0,9.0,30.0,35.0,-5.0,46.15,62.5,-16.35,52.0,61.0,-9.0,24.0,42.0,-18.0,46.15,68.85,-22.699999999999996,75.0,99.0,-24.0,41.0,78.0,-37.0,54.67,78.79,-24.120000000000005,1.0,2.0,-1.0,0.0,0.0,0.0,0.0,0.0,0.0,27.0,26.0,1.0,25.0,23.0,2.0,92.59,88.46,4.13000000000001,10.0,2.0,8.0,14.36,16.37,-2.0100000000000016,2.84,2.78,0.06000000000000005,17.47,14.81,2.6599999999999984,14.88,14.64,0.2400000000000002,21.3,21.42,-0.120000000000001,9.8,6.17,3.630000000000001,Loss
2024,2024-11-09,Georgetown Hoyas - Creighton Bluejays 1:0,Georgetown Hoyas,0.0,1.0,-1.0,0.63,1.32,-0.6900000000000001,6.0,10.0,-4.0,1.0,4.0,-3.0,16.67,40.0,-23.33,457.0,352.0,105.0,344.0,254.0,90.0,75.27,72.16,3.1099999999999994,56.27,43.73,12.540000000000006,172.0,152.0,20.0,25.0,38.0,-13.0,56.0,59.0,-3.0,91.0,55.0,36.0,111.0,117.0,-6.0,38.0,54.0,-16.0,56.0,48.0,8.0,17.0,15.0,2.0,312.0,312.0,0.0,135.0,160.0,-25.0,43.27,51.28,-8.009999999999998,1.0,4.0,-3.0,0.0,1.0,-1.0,0.0,25.0,-25.0,45.0,26.0,19.0,4.0,8.0,-4.0,8.89,30.77,-21.88,1.0,1.0,0.0,0.0,0.0,0.0,0.0,0.0,0.0,33.0,27.0,6.0,2.0,2.0,0.0,6.06,7.41,-1.3500000000000005,6.0,3.0,3.0,2.0,1.0,1.0,33.33,33.33,0.0,1.0,1.0,0.0,0.0,0.0,0.0,0.0,0.0,0.0,0.0,0.0,0.0,0.0,0.0,0.0,0.0,0.0,0.0,17.0,3.0,14.0,4.0,0.0,4.0,23.53,0.0,23.53,4.0,0.0,4.0,12.0,3.0,9.0,31.0,11.0,20.0,5.0,4.0,1.0,9.0,1.0,8.0,23.0,10.0,13.0,99.0,107.0,-8.0,28.0,42.0,-14.0,28.28,39.25,-10.969999999999999,2.0,7.0,-5.0,1.0,0.0,1.0,10.0,6.0,4.0,5.0,1.0,4.0,50.0,16.67,33.33,107.0,99.0,8.0,65.0,71.0,-6.0,60.75,71.72,-10.969999999999999,64.0,64.0,0.0,23.0,34.0,-11.0,35.94,53.13,-17.190000000000005,4.0,2.0,2.0,3.0,1.0,2.0,75.0,50.0,25.0,44.0,72.0,-28.0,17.0,39.0,-22.0,16.0,11.0,5.0,3.0,0.0,3.0,1.0,0.0,1.0,178.0,144.0,34.0,116.0,89.0,27.0,65.17,61.81,3.3599999999999994,60.0,39.0,21.0,52.0,36.0,16.0,86.67,92.31,-5.640000000000001,153.0,84.0,69.0,121.0,63.0,58.0,79.08,75.0,4.079999999999998,68.0,60.0,8.0,30.0,30.0,0.0,44.12,50.0,-5.880000000000003,88.0,58.0,30.0,51.0,35.0,16.0,57.95,60.34,-2.3900000000000006,90.0,83.0,7.0,64.0,43.0,21.0,71.11,51.81,19.299999999999997,2.0,0.0,2.0,1.0,0.0,1.0,50.0,0.0,50.0,41.0,25.0,16.0,32.0,22.0,10.0,78.05,88.0,-9.950000000000003,10.0,8.0,2.0,16.27,16.12,0.14999999999999858,3.15,2.5,0.6499999999999999,14.88,17.05,-2.17,14.65,17.33,-2.679999999999998,19.65,18.19,1.4599999999999973,6.63,6.65,-0.020000000000000462,Loss
2024,2024-11-02,Marquette Golden Eagles - Creighton Bluejays 2:5,Marquette Golden Eagles,5.0,2.0,3.0,2.16,1.43,0.7300000000000002,15.0,19.0,-4.0,8.0,7.0,1.0,53.33,36.84,16.489999999999995,366.0,490.0,-124.0,272.0,366.0,-94.0,74.32,74.69,-0.37000000000000455,43.2,56.8,-13.599999999999994,152.0,156.0,-4.0,36.0,24.0,12.0,49.0,72.0,-23.0,67.0,60.0,7.0,102.0,112.0,-10.0,31.0,47.0,-16.0,55.0,47.0,8.0,16.0,18.0,-2.0,222.0,222.0,0.0,111.0,107.0,4.0,50.0,48.2,1.7999999999999972,4.0,11.0,-7.0,2.0,1.0,1.0,50.0,9.09,40.91,32.0,30.0,2.0,9.0,12.0,-3.0,28.13,40.0,-11.870000000000001,0.0,0.0,0.0,0.0,0.0,0.0,0.0,0.0,0.0,31.0,35.0,-4.0,5.0,7.0,-2.0,16.13,20.0,-3.870000000000001,8.0,3.0,5.0,3.0,2.0,1.0,37.5,66.67,-29.17,0.0,7.0,-7.0,0.0,3.0,-3.0,0.0,42.86,-42.86,1.0,0.0,1.0,0.0,0.0,0.0,0.0,0.0,0.0,11.0,18.0,-7.0,5.0,5.0,0.0,45.45,27.78,17.67,5.0,6.0,-1.0,12.0,9.0,3.0,31.0,30.0,1.0,6.0,2.0,4.0,5.0,14.0,-9.0,28.0,20.0,8.0,76.0,86.0,-10.0,26.0,30.0,-4.0,34.21,34.88,-0.6700000000000017,2.0,1.0,1.0,2.0,5.0,-3.0,19.0,15.0,4.0,7.0,8.0,-1.0,36.84,53.33,-16.489999999999995,86.0,76.0,10.0,56.0,50.0,6.0,65.12,65.79,-0.6700000000000017,45.0,45.0,0.0,26.0,15.0,11.0,57.78,33.33,24.450000000000003,6.0,4.0,2.0,2.0,3.0,-1.0,33.33,75.0,-41.67,67.0,48.0,19.0,24.0,5.0,19.0,20.0,14.0,6.0,3.0,3.0,0.0,0.0,0.0,0.0,150.0,179.0,-29.0,95.0,108.0,-13.0,63.33,60.34,2.989999999999995,61.0,90.0,-29.0,56.0,83.0,-27.0,91.8,92.22,-0.4200000000000017,99.0,162.0,-63.0,84.0,135.0,-51.0,84.85,83.33,1.519999999999996,49.0,70.0,-21.0,22.0,26.0,-4.0,44.9,37.14,7.759999999999998,65.0,62.0,3.0,40.0,30.0,10.0,61.54,48.39,13.149999999999999,88.0,109.0,-21.0,63.0,63.0,0.0,71.59,57.8,13.790000000000006,8.0,1.0,7.0,7.0,0.0,7.0,87.5,0.0,87.5,23.0,27.0,-4.0,15.0,23.0,-8.0,65.22,85.19,-19.97,13.0,11.0,2.0,16.0,16.3,-0.3000000000000007,2.86,3.6,-0.7400000000000002,13.39,14.29,-0.8999999999999986,14.87,21.61,-6.74,20.84,22.11,-1.2699999999999996,6.68,6.48,0.1999999999999993,Win
2024,2024-10-26,Creighton Bluejays - Butler Bulldogs 6:1,Butler Bulldogs,6.0,1.0,5.0,3.26,1.36,1.8999999999999997,12.0,10.0,2.0,8.0,5.0,3.0,66.67,50.0,16.67,496.0,452.0,44.0,394.0,354.0,40.0,79.44,78.32,1.1200000000000045,47.06,52.94,-5.8799999999999955,154.0,139.0,15.0,31.0,23.0,8.0,59.0,45.0,14.0,64.0,71.0,-7.0,120.0,95.0,25.0,68.0,37.0,31.0,36.0,41.0,-5.0,16.0,17.0,-1.0,266.0,266.0,0.0,145.0,109.0,36.0,54.51,40.98,13.530000000000001,1.0,4.0,-3.0,1.0,1.0,0.0,100.0,25.0,75.0,31.0,37.0,-6.0,11.0,6.0,5.0,35.48,16.22,19.259999999999998,0.0,0.0,0.0,0.0,0.0,0.0,0.0,0.0,0.0,27.0,32.0,-5.0,1.0,4.0,-3.0,3.7,12.5,-8.8,7.0,6.0,1.0,2.0,2.0,0.0,28.57,33.33,-4.759999999999998,1.0,6.0,-5.0,0.0,2.0,-2.0,0.0,33.33,-33.33,0.0,0.0,0.0,0.0,0.0,0.0,0.0,0.0,0.0,13.0,14.0,-1.0,8.0,7.0,1.0,61.54,50.0,11.54,8.0,5.0,3.0,12.0,12.0,0.0,27.0,29.0,-2.0,8.0,6.0,2.0,6.0,6.0,0.0,27.0,18.0,9.0,55.0,123.0,-68.0,17.0,38.0,-21.0,30.91,30.89,0.019999999999999574,2.0,0.0,2.0,1.0,6.0,-5.0,10.0,12.0,-2.0,5.0,9.0,-4.0,50.0,75.0,-25.0,123.0,55.0,68.0,85.0,38.0,47.0,69.11,69.09,0.01999999999999602,43.0,43.0,0.0,24.0,16.0,8.0,55.81,37.21,18.6,7.0,1.0,6.0,6.0,1.0,5.0,85.71,100.0,-14.290000000000006,48.0,50.0,-2.0,11.0,17.0,-6.0,20.0,12.0,8.0,2.0,1.0,1.0,0.0,0.0,0.0,194.0,182.0,12.0,139.0,115.0,24.0,71.65,63.19,8.460000000000008,65.0,57.0,8.0,62.0,54.0,8.0,95.38,94.74,0.6400000000000006,162.0,146.0,16.0,139.0,131.0,8.0,85.8,89.73,-3.930000000000007,58.0,65.0,-7.0,25.0,35.0,-10.0,43.1,53.85,-10.75,66.0,65.0,1.0,41.0,44.0,-3.0,62.12,67.69,-5.57,117.0,82.0,35.0,72.0,60.0,12.0,61.54,73.17,-11.630000000000003,1.0,0.0,1.0,1.0,0.0,1.0,100.0,0.0,100.0,20.0,23.0,-3.0,16.0,22.0,-6.0,80.0,95.65,-15.650000000000006,8.0,4.0,4.0,18.47,14.96,3.509999999999998,3.88,3.35,0.5299999999999998,11.69,14.38,-2.6900000000000013,10.27,15.83,-5.5600000000000005,19.36,19.6,-0.240000000000002,7.87,8.53,-0.6599999999999993,Win
2024,2024-10-24,Akron Zips - Creighton Bluejays 3:0,Akron Zips,0.0,3.0,-3.0,0.78,2.83,-2.05,4.0,15.0,-11.0,4.0,3.0,1.0,100.0,20.0,80.0,388.0,494.0,-106.0,273.0,391.0,-118.0,70.36,79.15,-8.790000000000006,41.17,58.83,-17.659999999999997,162.0,140.0,22.0,26.0,16.0,10.0,64.0,65.0,-1.0,72.0,59.0,13.0,94.0,115.0,-21.0,36.0,48.0,-12.0,44.0,53.0,-9.0,14.0,14.0,0.0,182.0,182.0,0.0,88.0,92.0,-4.0,48.35,50.55,-2.1999999999999957,2.0,3.0,-1.0,2.0,0.0,2.0,100.0,0.0,100.0,25.0,38.0,-13.0,3.0,8.0,-5.0,12.0,21.05,-9.05,0.0,1.0,-1.0,0.0,1.0,-1.0,0.0,100.0,-100.0,28.0,32.0,-4.0,1.0,5.0,-4.0,3.57,15.63,-12.06,2.0,5.0,-3.0,0.0,2.0,-2.0,0.0,40.0,-40.0,1.0,6.0,-5.0,0.0,1.0,-1.0,0.0,16.67,-16.67,0.0,1.0,-1.0,0.0,1.0,-1.0,0.0,100.0,-100.0,9.0,15.0,-6.0,2.0,4.0,-2.0,22.22,26.67,-4.450000000000003,2.0,4.0,-2.0,2.0,8.0,-6.0,12.0,27.0,-15.0,1.0,6.0,-5.0,4.0,8.0,-4.0,7.0,21.0,-14.0,61.0,72.0,-11.0,19.0,27.0,-8.0,31.15,37.5,-6.350000000000001,1.0,0.0,1.0,3.0,0.0,3.0,15.0,4.0,11.0,3.0,4.0,-1.0,20.0,100.0,-80.0,72.0,61.0,11.0,45.0,42.0,3.0,62.5,68.85,-6.349999999999994,34.0,34.0,0.0,18.0,15.0,3.0,52.94,44.12,8.82,11.0,1.0,10.0,8.0,1.0,7.0,72.73,100.0,-27.269999999999996,48.0,54.0,-6.0,16.0,11.0,5.0,21.0,13.0,8.0,3.0,2.0,1.0,0.0,0.0,0.0,168.0,178.0,-10.0,97.0,124.0,-27.0,57.74,69.66,-11.919999999999995,46.0,80.0,-34.0,39.0,71.0,-32.0,84.78,88.75,-3.969999999999999,118.0,195.0,-77.0,96.0,168.0,-72.0,81.36,86.15,-4.790000000000006,60.0,75.0,-15.0,23.0,42.0,-19.0,38.33,56.0,-17.67,72.0,59.0,13.0,39.0,42.0,-3.0,54.17,71.19,-17.019999999999996,88.0,98.0,-10.0,52.0,71.0,-19.0,59.09,72.45,-13.36,2.0,1.0,1.0,1.0,0.0,1.0,50.0,0.0,50.0,29.0,28.0,1.0,22.0,27.0,-5.0,75.86,96.43,-20.570000000000007,15.0,5.0,10.0,16.71,14.88,1.83,3.21,3.55,-0.33999999999999986,15.46,15.18,0.28000000000000114,15.61,15.26,0.34999999999999964,19.89,22.38,-2.4899999999999984,10.41,8.36,2.0500000000000007,Loss
2024,2024-10-19,Creighton Bluejays - Villanova Wildcats 3:1,Villanova Wildcats,3.0,1.0,2.0,1.5,1.14,0.3600000000000001,17.0,10.0,7.0,8.0,2.0,6.0,47.06,20.0,27.060000000000002,485.0,435.0,50.0,400.0,342.0,58.0,82.47,78.62,3.8499999999999943,50.5,49.5,1.0,128.0,120.0,8.0,12.0,30.0,-18.0,36.0,45.0,-9.0,80.0,45.0,35.0,88.0,84.0,4.0,34.0,44.0,-10.0,34.0,31.0,3.0,20.0,9.0,11.0,194.0,194.0,0.0,107.0,83.0,24.0,55.15,42.78,12.369999999999997,7.0,5.0,2.0,3.0,1.0,2.0,42.86,20.0,22.86,42.0,23.0,19.0,10.0,7.0,3.0,23.81,30.43,-6.620000000000001,0.0,2.0,-2.0,0.0,2.0,-2.0,0.0,100.0,-100.0,34.0,29.0,5.0,4.0,1.0,3.0,11.76,3.45,8.309999999999999,8.0,7.0,1.0,1.0,0.0,1.0,12.5,0.0,12.5,4.0,2.0,2.0,0.0,0.0,0.0,0.0,0.0,0.0,0.0,0.0,0.0,0.0,0.0,0.0,0.0,0.0,0.0,11.0,8.0,3.0,4.0,2.0,2.0,36.36,25.0,11.36,4.0,2.0,2.0,20.0,7.0,13.0,39.0,22.0,17.0,9.0,4.0,5.0,6.0,5.0,1.0,35.0,18.0,17.0,75.0,69.0,6.0,37.0,21.0,16.0,49.33,30.43,18.9,2.0,7.0,-5.0,1.0,3.0,-2.0,10.0,17.0,-7.0,3.0,8.0,-5.0,30.0,47.06,-17.060000000000002,69.0,75.0,-6.0,48.0,38.0,10.0,69.57,50.67,18.89999999999999,33.0,33.0,0.0,16.0,13.0,3.0,48.48,39.39,9.089999999999996,4.0,3.0,1.0,1.0,2.0,-1.0,25.0,66.67,-41.67,36.0,42.0,-6.0,15.0,26.0,-11.0,11.0,14.0,-3.0,2.0,3.0,-1.0,0.0,0.0,0.0,174.0,166.0,8.0,122.0,107.0,15.0,70.11,64.46,5.650000000000006,66.0,63.0,3.0,62.0,59.0,3.0,93.94,93.65,0.28999999999999204,203.0,152.0,51.0,184.0,129.0,55.0,90.64,84.87,5.769999999999996,52.0,55.0,-3.0,31.0,22.0,9.0,59.62,40.0,19.619999999999997,77.0,51.0,26.0,57.0,25.0,32.0,74.03,49.02,25.009999999999998,105.0,81.0,24.0,88.0,46.0,42.0,83.81,56.79,27.020000000000003,1.0,1.0,0.0,0.0,0.0,0.0,0.0,0.0,0.0,25.0,22.0,3.0,24.0,20.0,4.0,96.0,90.91,5.090000000000003,5.0,12.0,-7.0,16.9,15.46,1.4399999999999977,3.94,3.51,0.43000000000000016,10.72,12.64,-1.92,18.84,18.11,0.7300000000000004,19.98,19.0,0.9800000000000004,8.28,15.21,-6.9300000000000015,Win
2024,2024-10-13,Xavier Musketeers - Creighton Bluejays 0:1,Xavier Musketeers,1.0,0.0,1.0,1.34,0.41,0.9300000000000002,9.0,6.0,3.0,3.0,1.0,2.0,33.33,16.67,16.659999999999997,335.0,421.0,-86.0,245.0,333.0,-88.0,73.13,79.1,-5.969999999999999,44.37,55.63,-11.260000000000005,125.0,127.0,-2.0,17.0,21.0,-4.0,40.0,37.0,3.0,68.0,69.0,-1.0,100.0,91.0,9.0,47.0,57.0,-10.0,33.0,27.0,6.0,20.0,7.0,13.0,248.0,248.0,0.0,129.0,109.0,20.0,52.02,43.95,8.07,5.0,2.0,3.0,1.0,0.0,1.0,20.0,0.0,20.0,30.0,30.0,0.0,6.0,2.0,4.0,20.0,6.67,13.33,0.0,0.0,0.0,0.0,0.0,0.0,0.0,0.0,0.0,32.0,37.0,-5.0,1.0,4.0,-3.0,3.13,10.81,-7.680000000000001,3.0,5.0,-2.0,0.0,0.0,0.0,0.0,0.0,0.0,4.0,5.0,-1.0,0.0,1.0,-1.0,0.0,20.0,-20.0,0.0,0.0,0.0,0.0,0.0,0.0,0.0,0.0,0.0,8.0,17.0,-9.0,2.0,5.0,-3.0,25.0,29.41,-4.41,1.0,6.0,-5.0,8.0,6.0,2.0,21.0,30.0,-9.0,3.0,3.0,0.0,1.0,14.0,-13.0,8.0,15.0,-7.0,66.0,82.0,-16.0,17.0,27.0,-10.0,25.76,32.93,-7.169999999999998,2.0,3.0,-1.0,0.0,1.0,-1.0,6.0,9.0,-3.0,2.0,3.0,-1.0,33.33,33.33,0.0,82.0,66.0,16.0,55.0,49.0,6.0,67.07,74.24,-7.170000000000002,62.0,62.0,0.0,39.0,18.0,21.0,62.9,29.03,33.87,2.0,2.0,0.0,2.0,0.0,2.0,100.0,0.0,100.0,40.0,29.0,11.0,15.0,11.0,4.0,17.0,20.0,-3.0,3.0,5.0,-2.0,0.0,0.0,0.0,137.0,174.0,-37.0,81.0,130.0,-49.0,59.12,74.71,-15.589999999999996,37.0,60.0,-23.0,36.0,55.0,-19.0,97.3,91.67,5.6299999999999955,108.0,148.0,-40.0,92.0,122.0,-30.0,85.19,82.43,2.759999999999991,58.0,91.0,-33.0,29.0,57.0,-28.0,50.0,62.64,-12.64,67.0,74.0,-7.0,33.0,52.0,-19.0,49.25,70.27,-21.019999999999996,65.0,106.0,-41.0,46.0,73.0,-27.0,70.77,68.87,1.8999999999999915,1.0,1.0,0.0,1.0,1.0,0.0,100.0,100.0,0.0,20.0,27.0,-7.0,16.0,24.0,-8.0,80.0,88.89,-8.89,6.0,13.0,-7.0,14.28,14.31,-0.030000000000001137,2.77,3.34,-0.5699999999999998,17.31,21.62,-4.310000000000002,23.73,18.67,5.059999999999999,22.74,23.95,-1.2100000000000009,9.44,9.88,-0.4400000000000013,Win
2024,2024-10-10,Omaha Mavericks - Creighton Bluejays 1:2,Omaha Mavericks,2.0,1.0,1.0,1.36,2.79,-1.43,16.0,17.0,-1.0,6.0,6.0,0.0,37.5,35.29,2.210000000000001,394.0,391.0,3.0,291.0,301.0,-10.0,73.86,76.98,-3.1200000000000045,49.43,50.57,-1.1400000000000006,146.0,159.0,-13.0,18.0,29.0,-11.0,67.0,71.0,-4.0,61.0,59.0,2.0,118.0,103.0,15.0,43.0,52.0,-9.0,52.0,39.0,13.0,23.0,12.0,11.0,256.0,256.0,0.0,131.0,114.0,17.0,51.17,44.53,6.640000000000001,5.0,7.0,-2.0,3.0,1.0,2.0,60.0,14.29,45.71,46.0,27.0,19.0,12.0,9.0,3.0,26.09,33.33,-7.239999999999998,0.0,0.0,0.0,0.0,0.0,0.0,0.0,0.0,0.0,30.0,36.0,-6.0,4.0,7.0,-3.0,13.33,19.44,-6.110000000000001,5.0,4.0,1.0,4.0,2.0,2.0,80.0,50.0,30.0,2.0,6.0,-4.0,0.0,1.0,-1.0,0.0,16.67,-16.67,0.0,0.0,0.0,0.0,0.0,0.0,0.0,0.0,0.0,9.0,10.0,-1.0,2.0,5.0,-3.0,22.22,50.0,-27.78,3.0,4.0,-1.0,16.0,4.0,12.0,27.0,18.0,9.0,3.0,1.0,2.0,4.0,9.0,-5.0,31.0,21.0,10.0,84.0,89.0,-5.0,38.0,36.0,2.0,45.24,40.45,4.789999999999999,1.0,1.0,0.0,1.0,2.0,-1.0,17.0,16.0,1.0,6.0,6.0,0.0,35.29,37.5,-2.210000000000001,89.0,84.0,5.0,53.0,46.0,7.0,59.55,54.76,4.789999999999999,51.0,51.0,0.0,27.0,18.0,9.0,52.94,35.29,17.65,3.0,2.0,1.0,1.0,0.0,1.0,33.33,0.0,33.33,40.0,33.0,7.0,16.0,9.0,7.0,22.0,18.0,4.0,4.0,2.0,2.0,0.0,0.0,0.0,168.0,155.0,13.0,107.0,97.0,10.0,63.69,62.58,1.1099999999999994,57.0,48.0,9.0,51.0,47.0,4.0,89.47,97.92,-8.450000000000003,126.0,142.0,-16.0,103.0,122.0,-19.0,81.75,85.92,-4.170000000000002,57.0,65.0,-8.0,19.0,34.0,-15.0,33.33,52.31,-18.980000000000004,59.0,62.0,-3.0,37.0,33.0,4.0,62.71,53.23,9.480000000000004,83.0,73.0,10.0,57.0,48.0,9.0,68.67,65.75,2.9200000000000017,1.0,0.0,1.0,1.0,0.0,1.0,100.0,0.0,100.0,20.0,41.0,-21.0,17.0,35.0,-18.0,85.0,85.37,-0.37000000000000455,8.0,14.0,-6.0,16.01,15.52,0.490000000000002,2.92,2.94,-0.020000000000000018,14.47,16.62,-2.1500000000000004,19.65,16.84,2.8099999999999987,21.0,21.37,-0.370000000000001,6.36,10.4,-4.04,Win
2024,2024-10-05,Creighton Bluejays - DePaul Blue Demons 0:2,DePaul Blue Demons,0.0,2.0,-2.0,3.12,1.2,1.9200000000000002,21.0,4.0,17.0,7.0,3.0,4.0,33.33,75.0,-41.67,660.0,237.0,423.0,537.0,136.0,401.0,81.36,57.38,23.979999999999997,68.65,31.35,37.300000000000004,171.0,171.0,0.0,11.0,51.0,-40.0,51.0,77.0,-26.0,109.0,43.0,66.0,133.0,95.0,38.0,33.0,60.0,-27.0,69.0,31.0,38.0,31.0,4.0,27.0,239.0,239.0,0.0,118.0,115.0,3.0,49.37,48.12,1.25,4.0,1.0,3.0,1.0,1.0,0.0,25.0,100.0,-75.0,58.0,10.0,48.0,15.0,3.0,12.0,25.86,30.0,-4.140000000000001,0.0,0.0,0.0,0.0,0.0,0.0,0.0,0.0,0.0,28.0,34.0,-6.0,6.0,1.0,5.0,21.43,2.94,18.49,14.0,0.0,14.0,4.0,0.0,4.0,28.57,0.0,28.57,1.0,2.0,-1.0,0.0,0.0,0.0,0.0,0.0,0.0,0.0,0.0,0.0,0.0,0.0,0.0,0.0,0.0,0.0,42.0,2.0,40.0,16.0,1.0,15.0,38.1,50.0,-11.899999999999999,16.0,2.0,14.0,20.0,0.0,20.0,76.0,5.0,71.0,15.0,1.0,14.0,26.0,2.0,24.0,56.0,3.0,53.0,86.0,58.0,28.0,40.0,27.0,13.0,46.51,46.55,-0.03999999999999915,1.0,2.0,-1.0,2.0,0.0,2.0,4.0,21.0,-17.0,3.0,9.0,-6.0,75.0,42.86,32.14,58.0,86.0,-28.0,31.0,46.0,-15.0,53.45,53.49,-0.03999999999999915,70.0,70.0,0.0,35.0,30.0,5.0,50.0,42.86,7.140000000000001,1.0,2.0,-1.0,0.0,1.0,-1.0,0.0,50.0,-50.0,35.0,72.0,-37.0,1.0,44.0,-43.0,19.0,8.0,11.0,4.0,1.0,3.0,0.0,0.0,0.0,231.0,121.0,110.0,164.0,52.0,112.0,71.0,42.98,28.020000000000003,104.0,31.0,73.0,97.0,29.0,68.0,93.27,93.55,-0.28000000000000114,229.0,45.0,184.0,195.0,33.0,162.0,85.15,73.33,11.820000000000007,51.0,69.0,-18.0,26.0,26.0,0.0,50.98,37.68,13.299999999999997,117.0,34.0,83.0,84.0,10.0,74.0,71.79,29.41,42.38000000000001,125.0,70.0,55.0,111.0,29.0,82.0,88.8,41.43,47.37,4.0,0.0,4.0,1.0,0.0,1.0,25.0,0.0,25.0,27.0,16.0,11.0,24.0,14.0,10.0,88.89,87.5,1.3900000000000006,4.0,20.0,-16.0,17.46,13.73,3.7300000000000004,5.37,2.08,3.29,7.73,29.11,-21.38,14.03,19.15,-5.119999999999999,18.68,22.89,-4.210000000000001,5.23,18.18,-12.95,Loss
2024,2024-10-02,Creighton Bluejays - Missouri State Bears 0:1,Missouri State Bears,0.0,1.0,-1.0,0.28,1.55,-1.27,7.0,12.0,-5.0,3.0,4.0,-1.0,42.86,33.33,9.530000000000001,436.0,367.0,69.0,351.0,272.0,79.0,80.5,74.11,6.390000000000001,56.59,43.41,13.180000000000007,111.0,98.0,13.0,20.0,13.0,7.0,35.0,39.0,-4.0,56.0,46.0,10.0,75.0,67.0,8.0,35.0,22.0,13.0,33.0,28.0,5.0,7.0,17.0,-10.0,173.0,173.0,0.0,84.0,81.0,3.0,48.55,46.82,1.7299999999999969,4.0,7.0,-3.0,1.0,3.0,-2.0,25.0,42.86,-17.86,25.0,34.0,-9.0,4.0,10.0,-6.0,16.0,29.41,-13.41,2.0,0.0,2.0,2.0,0.0,2.0,100.0,0.0,100.0,23.0,24.0,-1.0,1.0,1.0,0.0,4.35,4.17,0.17999999999999972,5.0,2.0,3.0,1.0,1.0,0.0,20.0,50.0,-30.0,0.0,2.0,-2.0,0.0,0.0,0.0,0.0,0.0,0.0,0.0,0.0,0.0,0.0,0.0,0.0,0.0,0.0,0.0,15.0,7.0,8.0,4.0,1.0,3.0,26.67,14.29,12.380000000000003,4.0,1.0,3.0,7.0,4.0,3.0,30.0,15.0,15.0,2.0,3.0,-1.0,10.0,3.0,7.0,8.0,9.0,-1.0,58.0,57.0,1.0,18.0,20.0,-2.0,31.03,35.09,-4.060000000000002,2.0,0.0,2.0,1.0,0.0,1.0,12.0,7.0,5.0,4.0,3.0,1.0,33.33,42.86,-9.530000000000001,57.0,58.0,-1.0,37.0,40.0,-3.0,64.91,68.97,-4.060000000000002,34.0,34.0,0.0,17.0,13.0,4.0,50.0,38.24,11.759999999999998,3.0,0.0,3.0,1.0,0.0,1.0,33.33,0.0,33.33,38.0,18.0,20.0,15.0,7.0,8.0,14.0,8.0,6.0,1.0,2.0,-1.0,0.0,0.0,0.0,165.0,137.0,28.0,112.0,73.0,39.0,67.88,53.28,14.599999999999994,92.0,69.0,23.0,88.0,65.0,23.0,95.65,94.2,1.4500000000000028,134.0,130.0,4.0,115.0,113.0,2.0,85.82,86.92,-1.1000000000000085,54.0,83.0,-29.0,23.0,39.0,-16.0,42.59,46.99,-4.399999999999999,83.0,67.0,16.0,58.0,39.0,19.0,69.88,58.21,11.669999999999995,94.0,90.0,4.0,66.0,56.0,10.0,70.21,62.22,7.989999999999995,0.0,1.0,-1.0,0.0,1.0,-1.0,0.0,100.0,-100.0,25.0,32.0,-7.0,18.0,30.0,-12.0,72.0,93.75,-21.75,10.0,7.0,3.0,13.86,15.21,-1.3500000000000014,4.36,3.31,1.0500000000000003,12.39,22.62,-10.23,22.87,19.48,3.3900000000000006,23.43,25.62,-2.1900000000000013,9.3,16.93,-7.629999999999999,Loss
2024,2024-09-29,Providence Friars - Creighton Bluejays 2:2,Providence Friars,2.0,2.0,0.0,1.46,3.83,-2.37,12.0,13.0,-1.0,3.0,5.0,-2.0,25.0,38.46,-13.46,304.0,479.0,-175.0,210.0,357.0,-147.0,69.08,74.53,-5.450000000000003,40.86,59.14,-18.28,156.0,189.0,-33.0,37.0,20.0,17.0,63.0,81.0,-18.0,56.0,88.0,-32.0,112.0,119.0,-7.0,51.0,45.0,6.0,49.0,54.0,-5.0,12.0,20.0,-8.0,326.0,326.0,0.0,153.0,157.0,-4.0,46.93,48.16,-1.2299999999999969,2.0,4.0,-2.0,1.0,1.0,0.0,50.0,25.0,25.0,31.0,48.0,-17.0,8.0,9.0,-1.0,25.81,18.75,7.059999999999999,0.0,0.0,0.0,0.0,0.0,0.0,0.0,0.0,0.0,24.0,36.0,-12.0,4.0,2.0,2.0,16.67,5.56,11.110000000000003,5.0,5.0,0.0,3.0,1.0,2.0,60.0,20.0,40.0,2.0,8.0,-6.0,0.0,1.0,-1.0,0.0,12.5,-12.5,0.0,1.0,-1.0,0.0,0.0,0.0,0.0,0.0,0.0,6.0,32.0,-26.0,2.0,13.0,-11.0,33.33,40.63,-7.300000000000004,1.0,11.0,-10.0,13.0,8.0,5.0,19.0,31.0,-12.0,1.0,5.0,-4.0,0.0,15.0,-15.0,22.0,23.0,-1.0,96.0,131.0,-35.0,25.0,43.0,-18.0,26.04,32.82,-6.780000000000001,1.0,0.0,1.0,2.0,2.0,0.0,13.0,12.0,1.0,6.0,3.0,3.0,46.15,25.0,21.15,131.0,96.0,35.0,88.0,71.0,17.0,67.18,73.96,-6.779999999999987,67.0,67.0,0.0,31.0,27.0,4.0,46.27,40.3,5.970000000000006,3.0,0.0,3.0,2.0,0.0,2.0,66.67,0.0,66.67,81.0,42.0,39.0,50.0,13.0,37.0,21.0,12.0,9.0,3.0,2.0,1.0,0.0,0.0,0.0,142.0,189.0,-47.0,79.0,124.0,-45.0,55.63,65.61,-9.979999999999997,44.0,55.0,-11.0,41.0,47.0,-6.0,93.18,85.45,7.730000000000004,70.0,162.0,-92.0,55.0,137.0,-82.0,78.57,84.57,-6.0,47.0,68.0,-21.0,20.0,38.0,-18.0,42.55,55.88,-13.330000000000005,55.0,80.0,-25.0,27.0,52.0,-25.0,49.09,65.0,-15.909999999999997,78.0,94.0,-16.0,46.0,69.0,-23.0,58.97,73.4,-14.430000000000007,1.0,1.0,0.0,0.0,1.0,-1.0,0.0,100.0,-100.0,21.0,48.0,-27.0,17.0,46.0,-29.0,80.95,95.83,-14.879999999999995,8.0,11.0,-3.0,14.64,15.93,-1.2899999999999991,2.32,3.07,-0.75,15.46,14.2,1.2600000000000016,15.3,15.04,0.26000000000000156,20.79,22.05,-1.2600000000000016,5.68,6.68,-1.0,Draw
2024,2024-09-21,Creighton Bluejays - Georgetown Hoyas 0:1,Georgetown Hoyas,0.0,1.0,-1.0,1.92,1.14,0.78,17.0,9.0,8.0,6.0,3.0,3.0,35.29,33.33,1.9600000000000009,646.0,303.0,343.0,546.0,223.0,323.0,84.52,73.6,10.920000000000002,65.02,34.98,30.04,148.0,140.0,8.0,20.0,23.0,-3.0,45.0,62.0,-17.0,83.0,55.0,28.0,122.0,103.0,19.0,46.0,56.0,-10.0,55.0,39.0,16.0,21.0,8.0,13.0,283.0,283.0,0.0,139.0,131.0,8.0,49.12,46.29,2.8299999999999983,5.0,1.0,4.0,0.0,0.0,0.0,0.0,0.0,0.0,36.0,21.0,15.0,11.0,2.0,9.0,30.56,9.52,21.04,1.0,3.0,-2.0,0.0,3.0,-3.0,0.0,100.0,-100.0,35.0,25.0,10.0,5.0,4.0,1.0,14.29,16.0,-1.7100000000000009,8.0,4.0,4.0,3.0,2.0,1.0,37.5,50.0,-12.5,1.0,1.0,0.0,0.0,0.0,0.0,0.0,0.0,0.0,0.0,0.0,0.0,0.0,0.0,0.0,0.0,0.0,0.0,24.0,10.0,14.0,6.0,2.0,4.0,25.0,20.0,5.0,8.0,3.0,5.0,15.0,7.0,8.0,39.0,25.0,14.0,8.0,9.0,-1.0,13.0,7.0,6.0,35.0,20.0,15.0,105.0,86.0,19.0,44.0,36.0,8.0,41.9,41.86,0.03999999999999915,0.0,3.0,-3.0,1.0,0.0,1.0,9.0,17.0,-8.0,3.0,8.0,-5.0,33.33,47.06,-13.730000000000004,86.0,105.0,-19.0,50.0,61.0,-11.0,58.14,58.1,0.03999999999999915,58.0,58.0,0.0,31.0,23.0,8.0,53.45,39.66,13.790000000000006,9.0,1.0,8.0,4.0,1.0,3.0,44.44,100.0,-55.56,49.0,63.0,-14.0,9.0,18.0,-9.0,12.0,19.0,-7.0,1.0,2.0,-1.0,0.0,0.0,0.0,225.0,136.0,89.0,172.0,88.0,84.0,76.44,64.71,11.730000000000004,70.0,51.0,19.0,66.0,47.0,19.0,94.29,92.16,2.1300000000000097,251.0,65.0,186.0,225.0,48.0,177.0,89.64,73.85,15.790000000000006,58.0,57.0,1.0,32.0,29.0,3.0,55.17,50.88,4.289999999999999,98.0,54.0,44.0,73.0,31.0,42.0,74.49,57.41,17.08,112.0,77.0,35.0,88.0,48.0,40.0,78.57,62.34,16.22999999999999,4.0,2.0,2.0,2.0,1.0,1.0,50.0,50.0,0.0,25.0,18.0,7.0,22.0,12.0,10.0,88.0,66.67,21.33,5.0,12.0,-7.0,17.68,15.41,2.2699999999999996,5.17,2.71,2.46,8.98,18.81,-9.829999999999998,15.38,16.91,-1.5299999999999994,18.95,20.7,-1.75,4.47,9.2,-4.7299999999999995,Loss
2024,2024-09-14,Creighton Bluejays - Tulsa Hurricane 3:0,Tulsa Hurricane,3.0,0.0,3.0,1.98,0.72,1.26,11.0,11.0,0.0,6.0,4.0,2.0,54.55,36.36,18.189999999999998,432.0,520.0,-88.0,336.0,426.0,-90.0,77.78,81.92,-4.140000000000001,43.66,56.34,-12.680000000000007,141.0,145.0,-4.0,21.0,24.0,-3.0,49.0,63.0,-14.0,71.0,58.0,13.0,116.0,104.0,12.0,42.0,55.0,-13.0,57.0,34.0,23.0,17.0,15.0,2.0,268.0,268.0,0.0,144.0,118.0,26.0,53.73,44.03,9.699999999999996,3.0,6.0,-3.0,0.0,2.0,-2.0,0.0,33.33,-33.33,29.0,30.0,-1.0,7.0,6.0,1.0,24.14,20.0,4.140000000000001,2.0,0.0,2.0,1.0,0.0,1.0,50.0,0.0,50.0,31.0,41.0,-10.0,3.0,4.0,-1.0,9.68,9.76,-0.08000000000000007,6.0,6.0,0.0,0.0,2.0,-2.0,0.0,33.33,-33.33,0.0,4.0,-4.0,0.0,0.0,0.0,0.0,0.0,0.0,0.0,0.0,0.0,0.0,0.0,0.0,0.0,0.0,0.0,16.0,16.0,0.0,5.0,8.0,-3.0,31.25,50.0,-18.75,4.0,8.0,-4.0,11.0,8.0,3.0,32.0,21.0,11.0,10.0,1.0,9.0,7.0,8.0,-1.0,26.0,15.0,11.0,76.0,113.0,-37.0,36.0,41.0,-5.0,47.37,36.28,11.089999999999996,3.0,1.0,2.0,0.0,3.0,-3.0,11.0,11.0,0.0,4.0,6.0,-2.0,36.36,54.55,-18.189999999999998,113.0,76.0,37.0,72.0,40.0,32.0,63.72,52.63,11.089999999999996,51.0,51.0,0.0,24.0,22.0,2.0,47.06,43.14,3.9200000000000017,5.0,2.0,3.0,3.0,2.0,1.0,60.0,100.0,-40.0,40.0,45.0,-5.0,13.0,15.0,-2.0,26.0,16.0,10.0,3.0,2.0,1.0,0.0,0.0,0.0,172.0,189.0,-17.0,119.0,143.0,-24.0,69.19,75.66,-6.469999999999999,67.0,72.0,-5.0,60.0,65.0,-5.0,89.55,90.28,-0.730000000000004,129.0,208.0,-79.0,107.0,180.0,-73.0,82.95,86.54,-3.5900000000000034,60.0,87.0,-27.0,30.0,55.0,-25.0,50.0,63.22,-13.219999999999999,68.0,58.0,10.0,38.0,36.0,2.0,55.88,62.07,-6.189999999999998,95.0,108.0,-13.0,67.0,75.0,-8.0,70.53,69.44,1.0900000000000034,7.0,2.0,5.0,3.0,2.0,1.0,42.86,100.0,-57.14,16.0,18.0,-2.0,14.0,18.0,-4.0,87.5,100.0,-12.5,9.0,6.0,3.0,17.48,16.31,1.1700000000000017,3.6,3.64,-0.040000000000000036,13.89,16.73,-2.84,15.85,21.94,-6.090000000000002,20.64,20.94,-0.3000000000000007,8.69,10.18,-1.4900000000000002,Win
2024,2024-09-10,Grand Canyon Lopes - Creighton Bluejays 0:1,Grand Canyon Lopes,1.0,0.0,1.0,2.63,0.49,2.1399999999999997,17.0,10.0,7.0,6.0,4.0,2.0,35.29,40.0,-4.710000000000001,486.0,382.0,104.0,385.0,274.0,111.0,79.22,71.73,7.489999999999995,52.84,47.16,5.680000000000007,139.0,156.0,-17.0,14.0,33.0,-19.0,60.0,66.0,-6.0,65.0,57.0,8.0,111.0,110.0,1.0,43.0,56.0,-13.0,41.0,42.0,-1.0,27.0,12.0,15.0,241.0,241.0,0.0,123.0,110.0,13.0,51.04,45.64,5.399999999999999,3.0,5.0,-2.0,0.0,1.0,-1.0,0.0,20.0,-20.0,41.0,23.0,18.0,10.0,6.0,4.0,24.39,26.09,-1.6999999999999993,0.0,0.0,0.0,0.0,0.0,0.0,0.0,0.0,0.0,28.0,26.0,2.0,6.0,2.0,4.0,21.43,7.69,13.739999999999998,9.0,4.0,5.0,3.0,1.0,2.0,33.33,25.0,8.329999999999998,1.0,3.0,-2.0,0.0,0.0,0.0,0.0,0.0,0.0,0.0,0.0,0.0,0.0,0.0,0.0,0.0,0.0,0.0,16.0,3.0,13.0,8.0,0.0,8.0,50.0,0.0,50.0,7.0,1.0,6.0,8.0,5.0,3.0,28.0,22.0,6.0,6.0,5.0,1.0,10.0,1.0,9.0,28.0,7.0,21.0,96.0,82.0,14.0,38.0,26.0,12.0,39.58,31.71,7.869999999999997,2.0,5.0,-3.0,0.0,1.0,-1.0,10.0,17.0,-7.0,4.0,7.0,-3.0,40.0,41.18,-1.1799999999999997,82.0,96.0,-14.0,56.0,58.0,-2.0,68.29,60.42,7.8700000000000045,40.0,40.0,0.0,22.0,16.0,6.0,55.0,40.0,15.0,9.0,4.0,5.0,5.0,3.0,2.0,55.56,75.0,-19.439999999999998,42.0,47.0,-5.0,11.0,19.0,-8.0,11.0,8.0,3.0,3.0,1.0,2.0,0.0,0.0,0.0,189.0,156.0,33.0,124.0,79.0,45.0,65.61,50.64,14.969999999999999,77.0,55.0,22.0,72.0,51.0,21.0,93.51,92.73,0.7800000000000011,176.0,124.0,52.0,162.0,109.0,53.0,92.05,87.9,4.1499999999999915,52.0,83.0,-31.0,26.0,32.0,-6.0,50.0,38.55,11.450000000000003,77.0,56.0,21.0,50.0,23.0,27.0,64.94,41.07,23.869999999999997,88.0,83.0,5.0,69.0,45.0,24.0,78.41,54.22,24.189999999999998,1.0,1.0,0.0,1.0,0.0,1.0,100.0,0.0,100.0,27.0,30.0,-3.0,24.0,24.0,0.0,88.89,80.0,8.89,7.0,11.0,-4.0,16.73,14.73,2.0,3.98,3.11,0.8700000000000001,10.7,21.73,-11.030000000000001,14.37,22.56,-8.19,20.77,21.66,-0.8900000000000006,7.68,16.05,-8.370000000000001,Win
2024,2024-09-07,Creighton Bluejays - Denver Pioneers 1:3,Denver Pioneers,1.0,3.0,-2.0,1.95,0.8,1.15,9.0,6.0,3.0,5.0,4.0,1.0,55.56,66.67,-11.11,575.0,357.0,218.0,488.0,284.0,204.0,84.87,79.55,5.320000000000007,60.32,39.68,20.64,128.0,122.0,6.0,10.0,38.0,-28.0,41.0,52.0,-11.0,77.0,32.0,45.0,94.0,88.0,6.0,26.0,50.0,-24.0,48.0,33.0,15.0,20.0,5.0,15.0,291.0,291.0,0.0,133.0,154.0,-21.0,45.7,52.92,-7.219999999999999,2.0,1.0,1.0,2.0,1.0,1.0,100.0,100.0,0.0,56.0,13.0,43.0,6.0,2.0,4.0,10.71,15.38,-4.67,0.0,0.0,0.0,0.0,0.0,0.0,0.0,0.0,0.0,22.0,33.0,-11.0,2.0,4.0,-2.0,9.09,12.12,-3.0299999999999994,4.0,0.0,4.0,1.0,0.0,1.0,25.0,0.0,25.0,3.0,4.0,-1.0,2.0,1.0,1.0,66.67,25.0,41.67,1.0,0.0,1.0,1.0,0.0,1.0,100.0,0.0,100.0,23.0,10.0,13.0,4.0,3.0,1.0,17.39,30.0,-12.61,4.0,2.0,2.0,6.0,4.0,2.0,24.0,16.0,8.0,8.0,4.0,4.0,5.0,9.0,-4.0,20.0,9.0,11.0,147.0,86.0,61.0,47.0,27.0,20.0,31.97,31.4,0.5700000000000003,0.0,1.0,-1.0,3.0,1.0,2.0,6.0,9.0,-3.0,4.0,5.0,-1.0,66.67,55.56,11.11,86.0,147.0,-61.0,59.0,100.0,-41.0,68.6,68.03,0.5699999999999932,42.0,42.0,0.0,18.0,20.0,-2.0,42.86,47.62,-4.759999999999998,0.0,1.0,-1.0,0.0,1.0,-1.0,0.0,100.0,-100.0,11.0,45.0,-34.0,2.0,12.0,-10.0,23.0,13.0,10.0,6.0,1.0,5.0,0.0,0.0,0.0,187.0,143.0,44.0,148.0,102.0,46.0,79.14,71.33,7.810000000000002,89.0,65.0,24.0,84.0,61.0,23.0,94.38,93.85,0.5300000000000011,233.0,118.0,115.0,206.0,99.0,107.0,88.41,83.9,4.509999999999991,51.0,57.0,-6.0,29.0,36.0,-7.0,56.86,63.16,-6.299999999999997,90.0,34.0,56.0,75.0,21.0,54.0,83.33,61.76,21.57,90.0,87.0,3.0,77.0,54.0,23.0,85.56,62.07,23.490000000000002,0.0,0.0,0.0,0.0,0.0,0.0,0.0,0.0,0.0,31.0,18.0,13.0,26.0,18.0,8.0,83.87,100.0,-16.129999999999995,5.0,11.0,-6.0,16.19,15.28,0.9100000000000019,4.64,2.98,1.6599999999999997,8.87,15.97,-7.100000000000001,14.0,15.07,-1.0700000000000003,20.03,21.4,-1.3699999999999974,8.19,11.59,-3.4000000000000004,Loss
2024,2024-09-02,Creighton Bluejays - San Francisco Dons 4:2,San Francisco Dons,4.0,2.0,2.0,1.76,2.76,-0.9999999999999998,11.0,15.0,-4.0,6.0,5.0,1.0,54.55,33.33,21.22,453.0,360.0,93.0,360.0,265.0,95.0,79.47,73.61,5.859999999999999,60.17,39.83,20.340000000000003,164.0,156.0,8.0,33.0,26.0,7.0,61.0,67.0,-6.0,70.0,63.0,7.0,126.0,116.0,10.0,60.0,54.0,6.0,49.0,43.0,6.0,17.0,19.0,-2.0,345.0,345.0,0.0,161.0,163.0,-2.0,46.67,47.25,-0.5799999999999983,4.0,5.0,-1.0,1.0,2.0,-1.0,25.0,40.0,-15.0,30.0,30.0,0.0,4.0,11.0,-7.0,13.33,36.67,-23.340000000000003,0.0,1.0,-1.0,0.0,0.0,0.0,0.0,0.0,0.0,41.0,35.0,6.0,6.0,3.0,3.0,14.63,8.57,6.0600000000000005,10.0,6.0,4.0,4.0,2.0,2.0,40.0,33.33,6.670000000000002,2.0,6.0,-4.0,0.0,0.0,0.0,0.0,0.0,0.0,1.0,0.0,1.0,1.0,0.0,1.0,100.0,0.0,100.0,17.0,12.0,5.0,6.0,6.0,0.0,35.29,50.0,-14.71,2.0,6.0,-4.0,9.0,4.0,5.0,24.0,19.0,5.0,6.0,4.0,2.0,5.0,6.0,-1.0,20.0,24.0,-4.0,117.0,127.0,-10.0,44.0,54.0,-10.0,37.61,42.52,-4.910000000000004,2.0,3.0,-1.0,2.0,4.0,-2.0,15.0,11.0,4.0,5.0,7.0,-2.0,33.33,63.64,-30.310000000000002,127.0,117.0,10.0,73.0,73.0,0.0,57.48,62.39,-4.910000000000004,53.0,53.0,0.0,23.0,19.0,4.0,43.4,35.85,7.549999999999997,6.0,4.0,2.0,5.0,2.0,3.0,83.33,50.0,33.33,53.0,46.0,7.0,22.0,18.0,4.0,22.0,19.0,3.0,4.0,2.0,2.0,0.0,0.0,0.0,191.0,150.0,41.0,129.0,92.0,37.0,67.54,61.33,6.210000000000008,69.0,39.0,30.0,68.0,35.0,33.0,98.55,89.74,8.810000000000002,136.0,125.0,11.0,117.0,107.0,10.0,86.03,85.6,0.4300000000000068,77.0,73.0,4.0,44.0,34.0,10.0,57.14,46.58,10.560000000000002,71.0,44.0,27.0,47.0,29.0,18.0,66.2,65.91,0.29000000000000625,87.0,81.0,6.0,56.0,46.0,10.0,64.37,56.79,7.580000000000005,1.0,0.0,1.0,1.0,0.0,1.0,100.0,0.0,100.0,21.0,29.0,-8.0,17.0,24.0,-7.0,80.95,82.76,-1.8100000000000023,10.0,8.0,2.0,14.22,17.08,-2.8599999999999977,3.21,2.63,0.5800000000000001,17.0,20.28,-3.280000000000001,15.59,15.52,0.07000000000000028,20.21,19.57,0.6400000000000006,6.2,6.48,-0.28000000000000025,Win
2024,2024-08-30,Creighton Bluejays - Loyola Chicago Ramblers 1:1,Loyola Chicago Ramblers,1.0,1.0,0.0,2.24,0.7,1.5400000000000003,20.0,8.0,12.0,10.0,2.0,8.0,50.0,25.0,25.0,501.0,300.0,201.0,410.0,224.0,186.0,81.84,74.67,7.170000000000002,59.32,40.68,18.64,138.0,143.0,-5.0,13.0,51.0,-38.0,46.0,55.0,-9.0,79.0,37.0,42.0,101.0,101.0,0.0,24.0,53.0,-29.0,60.0,37.0,23.0,17.0,11.0,6.0,273.0,273.0,0.0,115.0,146.0,-31.0,42.12,53.48,-11.36,8.0,3.0,5.0,3.0,1.0,2.0,37.5,33.33,4.170000000000002,40.0,24.0,16.0,14.0,6.0,8.0,35.0,25.0,10.0,0.0,2.0,-2.0,0.0,1.0,-1.0,0.0,50.0,-50.0,39.0,29.0,10.0,6.0,1.0,5.0,15.38,3.45,11.93,11.0,2.0,9.0,5.0,1.0,4.0,45.45,50.0,-4.549999999999997,4.0,3.0,1.0,0.0,0.0,0.0,0.0,0.0,0.0,0.0,0.0,0.0,0.0,0.0,0.0,0.0,0.0,0.0,15.0,11.0,4.0,3.0,5.0,-2.0,20.0,45.45,-25.450000000000003,4.0,6.0,-2.0,13.0,2.0,11.0,37.0,16.0,21.0,6.0,0.0,6.0,10.0,9.0,1.0,29.0,12.0,17.0,95.0,84.0,11.0,22.0,29.0,-7.0,23.16,34.52,-11.360000000000003,2.0,4.0,-2.0,1.0,1.0,0.0,8.0,20.0,-12.0,2.0,10.0,-8.0,25.0,50.0,-25.0,84.0,94.0,-10.0,55.0,72.0,-17.0,65.48,76.6,-11.11999999999999,61.0,62.0,-1.0,26.0,28.0,-2.0,42.62,45.16,-2.539999999999999,8.0,5.0,3.0,0.0,3.0,-3.0,0.0,60.0,-60.0,37.0,51.0,-14.0,14.0,36.0,-22.0,18.0,16.0,2.0,1.0,2.0,-1.0,0.0,0.0,0.0,188.0,128.0,60.0,139.0,88.0,51.0,73.94,68.75,5.189999999999998,72.0,36.0,36.0,67.0,32.0,35.0,93.06,88.89,4.170000000000002,188.0,97.0,91.0,165.0,75.0,90.0,87.77,77.32,10.450000000000003,36.0,51.0,-15.0,22.0,24.0,-2.0,61.11,47.06,14.049999999999997,85.0,33.0,52.0,63.0,19.0,44.0,74.12,57.58,16.540000000000006,110.0,71.0,39.0,90.0,43.0,47.0,81.82,60.56,21.25999999999999,3.0,0.0,3.0,3.0,0.0,3.0,100.0,0.0,100.0,27.0,17.0,10.0,20.0,14.0,6.0,74.07,82.35,-8.280000000000001,10.0,10.0,0.0,17.47,15.26,2.209999999999999,3.77,2.4,1.37,7.19,17.0,-9.809999999999999,17.49,16.39,1.0999999999999979,19.54,19.59,-0.05000000000000071,4.83,10.87,-6.039999999999999,Draw
2024,2024-08-26,Creighton Bluejays - Drake Bulldogs 5:3,Drake Bulldogs,5.0,3.0,2.0,4.21,4.09,0.1200000000000001,19.0,11.0,8.0,10.0,5.0,5.0,52.63,45.45,7.18,581.0,307.0,274.0,495.0,233.0,262.0,85.2,75.9,9.299999999999997,63.21,36.79,26.42,122.0,123.0,-1.0,7.0,32.0,-25.0,33.0,57.0,-24.0,82.0,34.0,48.0,103.0,81.0,22.0,28.0,46.0,-18.0,48.0,29.0,19.0,27.0,6.0,21.0,284.0,284.0,0.0,143.0,135.0,8.0,50.35,47.54,2.8100000000000023,4.0,1.0,3.0,1.0,1.0,0.0,25.0,100.0,-75.0,58.0,11.0,47.0,16.0,5.0,11.0,27.59,45.45,-17.860000000000003,0.0,0.0,0.0,0.0,0.0,0.0,0.0,0.0,0.0,22.0,30.0,-8.0,2.0,5.0,-3.0,9.09,16.67,-7.580000000000002,4.0,3.0,1.0,1.0,2.0,-1.0,25.0,66.67,-41.67,2.0,0.0,2.0,1.0,0.0,1.0,50.0,0.0,50.0,1.0,1.0,0.0,1.0,1.0,0.0,100.0,100.0,0.0,18.0,6.0,12.0,9.0,1.0,8.0,50.0,16.67,33.33,10.0,1.0,9.0,6.0,2.0,4.0,40.0,13.0,27.0,9.0,4.0,5.0,12.0,4.0,8.0,31.0,13.0,18.0,113.0,81.0,32.0,43.0,26.0,17.0,38.05,32.1,5.949999999999996,5.0,1.0,4.0,3.0,5.0,-2.0,11.0,19.0,-8.0,5.0,11.0,-6.0,45.45,57.89,-12.439999999999998,81.0,113.0,-32.0,55.0,70.0,-15.0,67.9,61.95,5.950000000000003,52.0,52.0,0.0,28.0,22.0,6.0,53.85,42.31,11.54,4.0,3.0,1.0,2.0,1.0,1.0,50.0,33.33,16.67,37.0,49.0,-12.0,6.0,23.0,-17.0,16.0,12.0,4.0,0.0,1.0,-1.0,0.0,0.0,0.0,197.0,127.0,70.0,145.0,83.0,62.0,73.6,65.35,8.25,86.0,57.0,29.0,83.0,50.0,33.0,96.51,87.72,8.790000000000006,233.0,84.0,149.0,214.0,65.0,149.0,91.85,77.38,14.469999999999999,54.0,42.0,12.0,32.0,21.0,11.0,59.26,50.0,9.259999999999998,95.0,35.0,60.0,72.0,18.0,54.0,75.79,51.43,24.360000000000007,95.0,66.0,29.0,79.0,34.0,45.0,83.16,51.52,31.639999999999993,1.0,1.0,0.0,0.0,0.0,0.0,0.0,0.0,0.0,31.0,19.0,12.0,30.0,18.0,12.0,96.77,94.74,2.030000000000001,5.0,13.0,-8.0,17.02,15.45,1.5700000000000003,4.47,2.54,1.9299999999999997,9.29,13.68,-4.390000000000001,12.76,10.08,2.6799999999999997,20.09,19.13,0.9600000000000009,5.12,12.9,-7.78,Win
2024,2024-08-23,Creighton Bluejays - FAU Owls 0:0,FAU Owls,0.0,0.0,0.0,1.71,0.32,1.39,18.0,6.0,12.0,3.0,0.0,3.0,16.67,0.0,16.67,401.0,335.0,66.0,322.0,234.0,88.0,80.3,69.85,10.450000000000003,51.96,48.04,3.9200000000000017,130.0,147.0,-17.0,13.0,46.0,-33.0,41.0,69.0,-28.0,76.0,32.0,44.0,107.0,100.0,7.0,29.0,57.0,-28.0,59.0,36.0,23.0,19.0,7.0,12.0,301.0,301.0,0.0,139.0,145.0,-6.0,46.18,48.17,-1.990000000000002,7.0,2.0,5.0,1.0,0.0,1.0,14.29,0.0,14.29,45.0,18.0,27.0,11.0,6.0,5.0,24.44,33.33,-8.889999999999997,0.0,0.0,0.0,0.0,0.0,0.0,0.0,0.0,0.0,29.0,23.0,6.0,7.0,0.0,7.0,24.14,0.0,24.14,8.0,1.0,7.0,3.0,0.0,3.0,37.5,0.0,37.5,2.0,0.0,2.0,4.0,0.0,4.0,200.0,0.0,200.0,0.0,0.0,0.0,0.0,0.0,0.0,0.0,0.0,0.0,15.0,7.0,8.0,7.0,1.0,6.0,46.67,14.29,32.38,6.0,2.0,4.0,9.0,2.0,7.0,23.0,13.0,10.0,5.0,3.0,2.0,7.0,6.0,1.0,25.0,6.0,19.0,115.0,94.0,21.0,30.0,28.0,2.0,26.09,29.79,-3.6999999999999993,1.0,3.0,-2.0,0.0,0.0,0.0,6.0,18.0,-12.0,0.0,3.0,-3.0,0.0,16.67,-16.67,94.0,115.0,-21.0,66.0,85.0,-19.0,70.21,73.91,-3.700000000000003,55.0,55.0,0.0,30.0,19.0,11.0,54.55,34.55,20.0,6.0,12.0,-6.0,4.0,7.0,-3.0,66.67,58.33,8.340000000000003,39.0,58.0,-19.0,10.0,11.0,-1.0,12.0,13.0,-1.0,1.0,2.0,-1.0,0.0,0.0,0.0,141.0,148.0,-7.0,98.0,81.0,17.0,69.5,54.73,14.770000000000003,57.0,53.0,4.0,53.0,48.0,5.0,92.98,90.57,2.410000000000011,156.0,106.0,50.0,138.0,84.0,54.0,88.46,79.25,9.209999999999994,46.0,69.0,-23.0,30.0,32.0,-2.0,65.22,46.38,18.839999999999996,65.0,31.0,34.0,47.0,20.0,27.0,72.31,64.52,7.790000000000006,85.0,91.0,-6.0,71.0,34.0,37.0,83.53,37.36,46.17,1.0,2.0,-1.0,1.0,0.0,1.0,100.0,0.0,100.0,25.0,32.0,-7.0,21.0,25.0,-4.0,84.0,78.13,5.8700000000000045,6.0,14.0,-8.0,15.34,13.86,1.4800000000000004,3.4,2.84,0.56,11.47,20.6,-9.13,17.79,18.63,-0.8399999999999999,21.48,20.64,0.8399999999999999,5.71,6.97,-1.2599999999999998,Draw
2025,2025-11-08,Creighton Bluejays - Akron Zips 0:1,Akron Zips,0.0,1.0,-1.0,0.6,1.69,-1.0899999999999999,7.0,17.0,-10.0,1.0,6.0,-5.0,14.29,35.29,-21.0,408.0,373.0,35.0,309.0,264.0,45.0,75.74,70.78,4.959999999999994,54.56,45.44,9.120000000000005,172.0,158.0,14.0,31.0,27.0,4.0,57.0,68.0,-11.0,84.0,63.0,21.0,107.0,105.0,2.0,44.0,48.0,-4.0,46.0,35.0,11.0,17.0,22.0,-5.0,266.0,266.0,0.0,125.0,132.0,-7.0,46.99,49.62,-2.6299999999999955,2.0,4.0,-2.0,0.0,2.0,-2.0,0.0,50.0,-50.0,35.0,34.0,1.0,4.0,12.0,-8.0,11.43,35.29,-23.86,1.0,1.0,0.0,0.0,1.0,-1.0,0.0,100.0,-100.0,31.0,25.0,6.0,3.0,4.0,-1.0,9.68,16.0,-6.32,7.0,8.0,-1.0,2.0,3.0,-1.0,28.57,37.5,-8.93,3.0,3.0,0.0,1.0,1.0,0.0,33.33,33.33,0.0,0.0,0.0,0.0,0.0,0.0,0.0,0.0,0.0,0.0,15.0,11.0,4.0,2.0,4.0,-2.0,13.33,36.36,-23.03,4.0,4.0,0.0,7.0,9.0,-2.0,28.0,29.0,-1.0,5.0,9.0,-4.0,9.0,6.0,3.0,19.0,24.0,-5.0,99.0,87.0,12.0,37.0,34.0,3.0,37.37,39.08,-1.7100000000000009,2.0,5.0,-3.0,1.0,0.0,1.0,17.0,7.0,10.0,6.0,1.0,5.0,35.29,14.29,21.0,87.0,99.0,-12.0,53.0,62.0,-9.0,60.92,62.63,-1.7100000000000009,44.0,44.0,0.0,24.0,17.0,7.0,54.55,38.64,15.909999999999997,1.0,4.0,-3.0,0.0,2.0,-2.0,0.0,50.0,-50.0,48.0,49.0,-1.0,19.0,13.0,6.0,12.0,11.0,1.0,0.0,1.0,-1.0,0.0,0.0,0.0,149.0,158.0,-9.0,95.0,88.0,7.0,63.76,55.7,8.059999999999995,48.0,27.0,21.0,45.0,22.0,23.0,93.75,81.48,12.269999999999996,153.0,144.0,9.0,132.0,125.0,7.0,86.27,86.81,-0.5400000000000063,62.0,54.0,8.0,30.0,27.0,3.0,48.39,50.0,-1.6099999999999994,73.0,52.0,21.0,48.0,34.0,14.0,65.75,65.38,0.37000000000000455,87.0,86.0,1.0,52.0,43.0,9.0,59.77,50.0,9.770000000000003,1.0,1.0,0.0,1.0,0.0,1.0,100.0,0.0,100.0,30.0,30.0,0.0,22.0,26.0,-4.0,73.33,86.67,-13.340000000000003,9.0,5.0,4.0,15.26,16.76,-1.5000000000000018,3.14,2.91,0.22999999999999998,15.2,14.48,0.7199999999999989,15.78,16.6,-0.8200000000000021,19.28,20.74,-1.4599999999999973,8.03,10.07,-2.040000000000001,Loss
2025,2025-11-01,Creighton Bluejays - Seton Hall Pirates 1:1,Seton Hall Pirates,1.0,1.0,0.0,1.1,1.88,-0.7799999999999998,14.0,10.0,4.0,3.0,4.0,-1.0,21.43,40.0,-18.57,545.0,328.0,217.0,448.0,248.0,200.0,82.2,75.61,6.590000000000003,62.39,37.61,24.78,139.0,128.0,11.0,19.0,33.0,-14.0,55.0,52.0,3.0,65.0,43.0,22.0,93.0,95.0,-2.0,31.0,41.0,-10.0,44.0,43.0,1.0,18.0,11.0,7.0,232.0,232.0,0.0,111.0,117.0,-6.0,47.84,50.43,-2.5899999999999963,9.0,4.0,5.0,1.0,2.0,-1.0,11.11,50.0,-38.89,45.0,29.0,16.0,7.0,7.0,0.0,15.56,24.14,-8.58,0.0,2.0,-2.0,0.0,1.0,-1.0,0.0,50.0,-50.0,26.0,24.0,2.0,6.0,2.0,4.0,23.08,8.33,14.749999999999998,4.0,1.0,3.0,1.0,0.0,1.0,25.0,0.0,25.0,1.0,3.0,-2.0,1.0,0.0,1.0,100.0,0.0,100.0,0.0,0.0,0.0,0.0,0.0,0.0,0.0,0.0,0.0,17.0,9.0,8.0,1.0,2.0,-1.0,5.88,22.22,-16.34,1.0,2.0,-1.0,7.0,5.0,2.0,35.0,18.0,17.0,7.0,6.0,1.0,9.0,5.0,4.0,17.0,13.0,4.0,100.0,72.0,28.0,39.0,28.0,11.0,39.0,38.89,0.10999999999999943,0.0,5.0,-5.0,1.0,1.0,0.0,10.0,14.0,-4.0,4.0,3.0,1.0,40.0,21.43,18.57,72.0,100.0,-28.0,44.0,61.0,-17.0,61.11,61.0,0.10999999999999943,39.0,39.0,0.0,23.0,15.0,8.0,58.97,38.46,20.509999999999998,4.0,2.0,2.0,1.0,1.0,0.0,25.0,50.0,-25.0,42.0,55.0,-13.0,8.0,18.0,-10.0,10.0,13.0,-3.0,1.0,0.0,1.0,0.0,0.0,0.0,184.0,128.0,56.0,128.0,86.0,42.0,69.57,67.19,2.3799999999999955,78.0,54.0,24.0,75.0,51.0,24.0,96.15,94.44,1.710000000000008,186.0,101.0,85.0,169.0,80.0,89.0,90.86,79.21,11.650000000000006,44.0,50.0,-6.0,22.0,24.0,-2.0,50.0,48.0,2.0,66.0,43.0,23.0,54.0,29.0,25.0,81.82,67.44,14.379999999999995,85.0,72.0,13.0,64.0,40.0,24.0,75.29,55.56,19.730000000000004,5.0,0.0,5.0,0.0,0.0,0.0,0.0,0.0,0.0,28.0,18.0,10.0,24.0,18.0,6.0,85.71,100.0,-14.290000000000006,4.0,14.0,-10.0,16.07,16.04,0.030000000000001137,4.54,3.01,1.5300000000000002,8.07,15.24,-7.17,20.75,17.59,3.16,18.6,19.14,-0.5399999999999991,7.73,11.67,-3.9399999999999995,Draw
2025,2025-10-25,Butler Bulldogs - Creighton Bluejays 1:3,Butler Bulldogs,3.0,1.0,2.0,2.24,2.43,-0.18999999999999995,19.0,14.0,5.0,3.0,5.0,-2.0,15.79,35.71,-19.92,528.0,345.0,183.0,417.0,259.0,158.0,78.98,75.07,3.910000000000011,57.6,42.4,15.200000000000003,149.0,151.0,-2.0,22.0,16.0,6.0,68.0,62.0,6.0,59.0,73.0,-14.0,100.0,100.0,0.0,44.0,44.0,0.0,47.0,39.0,8.0,9.0,17.0,-8.0,229.0,229.0,0.0,104.0,116.0,-12.0,45.41,50.66,-5.25,8.0,4.0,4.0,2.0,1.0,1.0,25.0,25.0,0.0,37.0,37.0,0.0,14.0,5.0,9.0,37.84,13.51,24.330000000000005,0.0,1.0,-1.0,0.0,1.0,-1.0,0.0,100.0,-100.0,25.0,31.0,-6.0,2.0,7.0,-5.0,8.0,22.58,-14.579999999999998,5.0,2.0,3.0,1.0,0.0,1.0,20.0,0.0,20.0,3.0,9.0,-6.0,0.0,7.0,-7.0,0.0,77.78,-77.78,0.0,0.0,0.0,0.0,0.0,0.0,0.0,0.0,0.0,16.0,8.0,8.0,6.0,2.0,4.0,37.5,25.0,12.5,6.0,2.0,4.0,14.0,3.0,11.0,34.0,16.0,18.0,5.0,2.0,3.0,10.0,6.0,4.0,32.0,15.0,17.0,77.0,85.0,-8.0,24.0,34.0,-10.0,31.17,40.0,-8.829999999999998,0.0,0.0,0.0,1.0,3.0,-2.0,14.0,19.0,-5.0,5.0,3.0,2.0,35.71,15.79,19.92,85.0,77.0,8.0,51.0,53.0,-2.0,60.0,68.83,-8.829999999999998,45.0,45.0,0.0,19.0,21.0,-2.0,42.22,46.67,-4.450000000000003,4.0,6.0,-2.0,3.0,5.0,-2.0,75.0,83.33,-8.329999999999998,39.0,48.0,-9.0,10.0,24.0,-14.0,21.0,6.0,15.0,3.0,2.0,1.0,0.0,0.0,0.0,176.0,136.0,40.0,109.0,87.0,22.0,61.93,63.97,-2.039999999999999,80.0,58.0,22.0,77.0,54.0,23.0,96.25,93.1,3.1500000000000057,212.0,115.0,97.0,189.0,95.0,94.0,89.15,82.61,6.540000000000006,78.0,67.0,11.0,37.0,39.0,-2.0,47.44,58.21,-10.770000000000003,73.0,62.0,11.0,46.0,35.0,11.0,63.01,56.45,6.559999999999995,105.0,69.0,36.0,60.0,53.0,7.0,57.14,76.81,-19.67,0.0,0.0,0.0,0.0,0.0,0.0,0.0,0.0,0.0,25.0,28.0,-3.0,24.0,25.0,-1.0,96.0,89.29,6.709999999999994,14.0,12.0,2.0,16.29,14.46,1.8299999999999983,4.47,2.72,1.7499999999999996,14.77,19.42,-4.650000000000002,19.12,16.11,3.0100000000000016,21.01,21.59,-0.5799999999999983,7.27,12.93,-5.66,Win
2025,2025-10-17,Villanova Wildcats - Creighton Bluejays 1:1,Villanova Wildcats,1.0,1.0,0.0,1.33,1.58,-0.25,22.0,8.0,14.0,8.0,2.0,6.0,36.36,25.0,11.36,534.0,291.0,243.0,454.0,204.0,250.0,85.02,70.1,14.920000000000002,64.37,35.63,28.740000000000002,125.0,121.0,4.0,20.0,30.0,-10.0,33.0,50.0,-17.0,72.0,41.0,31.0,95.0,77.0,18.0,27.0,42.0,-15.0,45.0,24.0,21.0,23.0,11.0,12.0,206.0,206.0,0.0,97.0,103.0,-6.0,47.09,50.0,-2.9099999999999966,7.0,5.0,2.0,3.0,1.0,2.0,42.86,20.0,22.86,52.0,24.0,28.0,17.0,4.0,13.0,32.69,16.67,16.019999999999996,1.0,0.0,1.0,1.0,0.0,1.0,100.0,0.0,100.0,30.0,19.0,11.0,2.0,2.0,0.0,6.67,10.53,-3.8599999999999994,7.0,2.0,5.0,3.0,1.0,2.0,42.86,50.0,-7.140000000000001,2.0,2.0,0.0,0.0,0.0,0.0,0.0,0.0,0.0,0.0,1.0,-1.0,0.0,1.0,-1.0,0.0,100.0,-100.0,18.0,8.0,10.0,8.0,2.0,6.0,44.44,25.0,19.439999999999998,9.0,3.0,6.0,20.0,3.0,17.0,41.0,12.0,29.0,10.0,3.0,7.0,10.0,5.0,5.0,35.0,8.0,27.0,96.0,68.0,28.0,35.0,25.0,10.0,36.46,36.76,-0.29999999999999716,0.0,4.0,-4.0,1.0,1.0,0.0,8.0,22.0,-14.0,2.0,8.0,-6.0,25.0,36.36,-11.36,68.0,96.0,-28.0,43.0,61.0,-18.0,63.24,63.54,-0.29999999999999716,27.0,27.0,0.0,15.0,10.0,5.0,55.56,37.04,18.520000000000003,1.0,1.0,0.0,1.0,1.0,0.0,100.0,100.0,0.0,28.0,38.0,-10.0,13.0,26.0,-13.0,14.0,11.0,3.0,3.0,2.0,1.0,0.0,0.0,0.0,180.0,130.0,50.0,138.0,75.0,63.0,76.67,57.69,18.980000000000004,97.0,56.0,41.0,91.0,49.0,42.0,93.81,87.5,6.310000000000002,166.0,65.0,101.0,146.0,54.0,92.0,87.95,83.08,4.8700000000000045,32.0,49.0,-17.0,12.0,21.0,-9.0,37.5,42.86,-5.359999999999999,85.0,33.0,52.0,65.0,20.0,45.0,76.47,60.61,15.86,88.0,61.0,27.0,73.0,25.0,48.0,82.95,40.98,41.970000000000006,0.0,2.0,-2.0,0.0,1.0,-1.0,0.0,50.0,-50.0,31.0,17.0,14.0,25.0,13.0,12.0,80.65,76.47,4.180000000000007,9.0,6.0,3.0,15.7,15.46,0.23999999999999844,4.38,2.6,1.7799999999999998,5.99,16.84,-10.85,16.46,19.33,-2.8699999999999974,16.69,18.81,-2.1199999999999974,6.17,12.3,-6.130000000000001,Draw
2025,2025-10-12,Creighton Bluejays - Xavier Musketeers 2:0,Xavier Musketeers,2.0,0.0,2.0,1.72,0.94,0.78,12.0,7.0,5.0,6.0,2.0,4.0,50.0,28.57,21.43,447.0,259.0,188.0,349.0,186.0,163.0,78.08,71.81,6.269999999999996,57.75,42.25,15.5,138.0,144.0,-6.0,18.0,32.0,-14.0,49.0,56.0,-7.0,71.0,56.0,15.0,96.0,79.0,17.0,34.0,32.0,2.0,42.0,38.0,4.0,20.0,9.0,11.0,229.0,229.0,0.0,117.0,106.0,11.0,51.09,46.29,4.800000000000004,3.0,3.0,0.0,0.0,2.0,-2.0,0.0,66.67,-66.67,33.0,23.0,10.0,9.0,3.0,6.0,27.27,13.04,14.23,2.0,0.0,2.0,1.0,0.0,1.0,50.0,0.0,50.0,23.0,29.0,-6.0,2.0,3.0,-1.0,8.7,10.34,-1.6400000000000006,7.0,3.0,4.0,1.0,2.0,-1.0,14.29,66.67,-52.38,3.0,5.0,-2.0,0.0,0.0,0.0,0.0,0.0,0.0,0.0,0.0,0.0,0.0,0.0,0.0,0.0,0.0,0.0,10.0,9.0,1.0,2.0,3.0,-1.0,20.0,33.33,-13.329999999999998,1.0,4.0,-3.0,9.0,3.0,6.0,30.0,11.0,19.0,7.0,2.0,5.0,3.0,6.0,-3.0,24.0,12.0,12.0,63.0,91.0,-28.0,17.0,28.0,-11.0,26.98,30.77,-3.789999999999999,5.0,0.0,5.0,0.0,2.0,-2.0,7.0,12.0,-5.0,2.0,7.0,-5.0,28.57,58.33,-29.759999999999998,91.0,63.0,28.0,63.0,46.0,17.0,69.23,73.02,-3.789999999999992,48.0,48.0,0.0,19.0,26.0,-7.0,39.58,54.17,-14.590000000000003,4.0,3.0,1.0,2.0,2.0,0.0,50.0,66.67,-16.67,39.0,41.0,-2.0,19.0,26.0,-7.0,14.0,10.0,4.0,2.0,1.0,1.0,0.0,0.0,0.0,150.0,111.0,39.0,94.0,71.0,23.0,62.67,63.96,-1.2899999999999991,67.0,35.0,32.0,61.0,31.0,30.0,91.04,88.57,2.470000000000013,177.0,78.0,99.0,154.0,62.0,92.0,87.01,79.49,7.52000000000001,52.0,50.0,2.0,25.0,31.0,-6.0,48.08,62.0,-13.920000000000002,59.0,42.0,17.0,27.0,27.0,0.0,45.76,64.29,-18.53000000000001,67.0,77.0,-10.0,39.0,46.0,-7.0,58.21,59.74,-1.5300000000000011,4.0,0.0,4.0,0.0,0.0,0.0,0.0,0.0,0.0,28.0,29.0,-1.0,18.0,26.0,-8.0,64.29,89.66,-25.36999999999999,9.0,11.0,-2.0,15.35,12.16,3.1899999999999995,3.69,2.18,1.5099999999999998,11.63,19.31,-7.679999999999998,16.07,15.87,0.20000000000000107,20.82,21.38,-0.5599999999999987,4.68,9.12,-4.4399999999999995,Win
2025,2025-10-09,Creighton Bluejays - Missouri State Bears 1:0,Missouri State Bears,1.0,0.0,1.0,0.64,1.14,-0.4999999999999999,10.0,12.0,-2.0,4.0,4.0,0.0,40.0,33.33,6.670000000000002,526.0,361.0,165.0,443.0,293.0,150.0,84.22,81.16,3.0600000000000023,55.74,44.26,11.480000000000004,127.0,111.0,16.0,24.0,20.0,4.0,44.0,41.0,3.0,59.0,50.0,9.0,78.0,78.0,0.0,32.0,34.0,-2.0,35.0,29.0,6.0,11.0,15.0,-4.0,192.0,192.0,0.0,92.0,94.0,-2.0,47.92,48.96,-1.0399999999999991,7.0,6.0,1.0,1.0,3.0,-2.0,14.29,50.0,-35.71,24.0,28.0,-4.0,8.0,9.0,-1.0,33.33,32.14,1.1899999999999977,0.0,0.0,0.0,0.0,0.0,0.0,0.0,0.0,0.0,29.0,27.0,2.0,2.0,2.0,0.0,6.9,7.41,-0.5099999999999998,6.0,6.0,0.0,1.0,0.0,1.0,16.67,0.0,16.67,0.0,2.0,-2.0,0.0,1.0,-1.0,0.0,50.0,-50.0,0.0,0.0,0.0,0.0,0.0,0.0,0.0,0.0,0.0,14.0,11.0,3.0,5.0,2.0,3.0,35.71,18.18,17.53,5.0,3.0,2.0,10.0,7.0,3.0,30.0,21.0,9.0,8.0,2.0,6.0,10.0,8.0,2.0,21.0,19.0,2.0,56.0,75.0,-19.0,18.0,30.0,-12.0,32.14,40.0,-7.859999999999999,1.0,4.0,-3.0,0.0,1.0,-1.0,12.0,10.0,2.0,4.0,5.0,-1.0,33.33,50.0,-16.67,75.0,56.0,19.0,45.0,38.0,7.0,60.0,67.86,-7.859999999999999,26.0,26.0,0.0,11.0,11.0,0.0,42.31,42.31,0.0,6.0,2.0,4.0,1.0,1.0,0.0,16.67,50.0,-33.33,35.0,49.0,-14.0,22.0,20.0,2.0,15.0,11.0,4.0,3.0,2.0,1.0,0.0,0.0,0.0,170.0,136.0,34.0,120.0,96.0,24.0,70.59,70.59,0.0,79.0,72.0,7.0,78.0,67.0,11.0,98.73,93.06,5.670000000000002,213.0,117.0,96.0,196.0,100.0,96.0,92.02,85.47,6.549999999999997,62.0,53.0,9.0,36.0,31.0,5.0,58.06,58.49,-0.4299999999999997,70.0,49.0,21.0,52.0,29.0,23.0,74.29,59.18,15.110000000000007,85.0,67.0,18.0,59.0,49.0,10.0,69.41,73.13,-3.719999999999999,1.0,3.0,-2.0,0.0,1.0,-1.0,0.0,33.33,-33.33,24.0,26.0,-2.0,21.0,22.0,-1.0,87.5,84.62,2.8799999999999955,8.0,7.0,1.0,16.85,14.56,2.290000000000001,4.7,3.37,1.33,11.79,14.68,-2.8900000000000006,22.87,20.59,2.280000000000001,20.44,20.69,-0.25,6.39,8.78,-2.3899999999999997,Win
2025,2025-10-04,UCONN Huskies - Creighton Bluejays 3:0,UCONN Huskies,0.0,3.0,-3.0,2.39,1.18,1.2100000000000002,18.0,17.0,1.0,5.0,8.0,-3.0,27.78,47.06,-19.28,398.0,351.0,47.0,311.0,286.0,25.0,78.14,81.48,-3.3400000000000034,50.72,49.28,1.4399999999999977,118.0,125.0,-7.0,16.0,35.0,-19.0,35.0,48.0,-13.0,67.0,42.0,25.0,96.0,98.0,-2.0,31.0,51.0,-20.0,42.0,33.0,9.0,23.0,14.0,9.0,290.0,290.0,0.0,147.0,138.0,9.0,50.69,47.59,3.0999999999999943,5.0,5.0,0.0,1.0,2.0,-1.0,20.0,40.0,-20.0,46.0,23.0,23.0,12.0,9.0,3.0,26.09,39.13,-13.040000000000003,0.0,0.0,0.0,0.0,0.0,0.0,0.0,0.0,0.0,37.0,35.0,2.0,5.0,8.0,-3.0,13.51,22.86,-9.35,12.0,9.0,3.0,4.0,2.0,2.0,33.33,22.22,11.11,2.0,4.0,-2.0,0.0,1.0,-1.0,0.0,25.0,-25.0,0.0,0.0,0.0,0.0,0.0,0.0,0.0,0.0,0.0,16.0,12.0,4.0,4.0,5.0,-1.0,25.0,41.67,-16.67,3.0,5.0,-2.0,12.0,8.0,4.0,33.0,25.0,8.0,11.0,7.0,4.0,7.0,7.0,0.0,34.0,22.0,12.0,104.0,109.0,-5.0,40.0,36.0,4.0,38.46,33.03,5.43,3.0,4.0,-1.0,3.0,0.0,3.0,17.0,18.0,-1.0,10.0,7.0,3.0,58.82,38.89,19.93,109.0,104.0,5.0,73.0,64.0,9.0,66.97,61.54,5.43,46.0,46.0,0.0,21.0,22.0,-1.0,45.65,47.83,-2.1799999999999997,4.0,9.0,-5.0,2.0,8.0,-6.0,50.0,88.89,-38.89,42.0,51.0,-9.0,11.0,33.0,-22.0,17.0,14.0,3.0,1.0,2.0,-1.0,0.0,0.0,0.0,139.0,129.0,10.0,95.0,100.0,-5.0,68.35,77.52,-9.170000000000002,51.0,64.0,-13.0,46.0,59.0,-13.0,90.2,92.19,-1.9899999999999949,135.0,102.0,33.0,113.0,82.0,31.0,83.7,80.39,3.3100000000000023,33.0,45.0,-12.0,14.0,21.0,-7.0,42.42,46.67,-4.25,59.0,40.0,19.0,42.0,28.0,14.0,71.19,70.0,1.1899999999999977,72.0,78.0,-6.0,57.0,49.0,8.0,79.17,62.82,16.35,1.0,2.0,-1.0,0.0,1.0,-1.0,0.0,50.0,-50.0,24.0,13.0,11.0,18.0,9.0,9.0,75.0,69.23,5.769999999999996,8.0,10.0,-2.0,15.63,14.18,1.450000000000001,3.11,2.85,0.2599999999999998,8.29,12.82,-4.530000000000001,17.35,16.69,0.6600000000000001,18.62,19.19,-0.5700000000000003,5.95,8.83,-2.88,Loss
2025,2025-09-27,DePaul Blue Demons - Creighton Bluejays 0:2,DePaul Blue Demons,2.0,0.0,2.0,2.16,1.2,0.9600000000000002,19.0,19.0,0.0,9.0,5.0,4.0,47.37,26.32,21.049999999999997,304.0,310.0,-6.0,241.0,229.0,12.0,79.28,73.87,5.409999999999997,50.83,49.17,1.6599999999999966,122.0,125.0,-3.0,37.0,25.0,12.0,48.0,38.0,10.0,37.0,62.0,-25.0,95.0,86.0,9.0,48.0,28.0,20.0,36.0,38.0,-2.0,11.0,20.0,-9.0,250.0,250.0,0.0,118.0,117.0,1.0,47.2,46.8,0.4000000000000057,7.0,6.0,1.0,4.0,2.0,2.0,57.14,33.33,23.810000000000002,33.0,39.0,-6.0,9.0,14.0,-5.0,27.27,35.9,-8.629999999999999,1.0,0.0,1.0,1.0,0.0,1.0,100.0,0.0,100.0,33.0,23.0,10.0,7.0,5.0,2.0,21.21,21.74,-0.5299999999999976,7.0,6.0,1.0,5.0,3.0,2.0,71.43,50.0,21.430000000000007,3.0,5.0,-2.0,1.0,1.0,0.0,33.33,20.0,13.329999999999998,1.0,0.0,1.0,1.0,0.0,1.0,100.0,0.0,100.0,9.0,20.0,-11.0,0.0,9.0,-9.0,0.0,45.0,-45.0,1.0,7.0,-6.0,10.0,7.0,3.0,18.0,31.0,-13.0,4.0,5.0,-1.0,2.0,15.0,-13.0,22.0,26.0,-4.0,79.0,64.0,15.0,26.0,23.0,3.0,32.91,35.94,-3.030000000000001,0.0,1.0,-1.0,0.0,2.0,-2.0,19.0,19.0,0.0,5.0,9.0,-4.0,26.32,47.37,-21.049999999999997,64.0,79.0,-15.0,41.0,53.0,-12.0,64.06,67.09,-3.030000000000001,68.0,68.0,0.0,35.0,26.0,9.0,51.47,38.24,13.229999999999997,3.0,4.0,-1.0,2.0,1.0,1.0,66.67,25.0,41.67,34.0,30.0,4.0,40.0,20.0,20.0,13.0,14.0,-1.0,1.0,2.0,-1.0,0.0,0.0,0.0,119.0,133.0,-14.0,81.0,83.0,-2.0,68.07,62.41,5.659999999999997,37.0,40.0,-3.0,36.0,36.0,0.0,97.3,90.0,7.299999999999997,93.0,83.0,10.0,83.0,68.0,15.0,89.25,81.93,7.319999999999993,37.0,48.0,-11.0,20.0,21.0,-1.0,54.05,43.75,10.299999999999997,37.0,57.0,-20.0,26.0,33.0,-7.0,70.27,57.89,12.379999999999995,61.0,66.0,-5.0,40.0,46.0,-6.0,65.57,69.7,-4.13000000000001,0.0,0.0,0.0,0.0,0.0,0.0,0.0,0.0,0.0,31.0,33.0,-2.0,18.0,26.0,-8.0,58.06,78.79,-20.730000000000004,13.0,9.0,4.0,13.26,13.98,-0.7200000000000006,2.16,2.37,-0.20999999999999996,12.17,15.48,-3.3100000000000005,18.0,18.43,-0.4299999999999997,19.97,21.35,-1.3800000000000026,9.13,6.8,2.330000000000001,Win
2025,2025-09-20,Creighton Bluejays - Marquette Golden Eagles 1:0,Marquette Golden Eagles,1.0,0.0,1.0,1.88,0.6,1.2799999999999998,13.0,8.0,5.0,4.0,1.0,3.0,30.77,12.5,18.27,350.0,429.0,-79.0,284.0,334.0,-50.0,81.14,77.86,3.280000000000001,49.35,50.65,-1.2999999999999972,134.0,132.0,2.0,7.0,35.0,-28.0,49.0,54.0,-5.0,78.0,43.0,35.0,102.0,97.0,5.0,32.0,55.0,-23.0,41.0,34.0,7.0,29.0,8.0,21.0,245.0,245.0,0.0,121.0,113.0,8.0,49.39,46.12,3.270000000000003,7.0,3.0,4.0,3.0,0.0,3.0,42.86,0.0,42.86,32.0,24.0,8.0,8.0,6.0,2.0,25.0,25.0,0.0,0.0,0.0,0.0,0.0,0.0,0.0,0.0,0.0,0.0,32.0,30.0,2.0,3.0,2.0,1.0,9.38,6.67,2.710000000000001,6.0,5.0,1.0,0.0,2.0,-2.0,0.0,40.0,-40.0,4.0,0.0,4.0,3.0,0.0,3.0,75.0,0.0,75.0,0.0,0.0,0.0,0.0,0.0,0.0,0.0,0.0,0.0,16.0,15.0,1.0,2.0,4.0,-2.0,12.5,26.67,-14.170000000000002,1.0,4.0,-3.0,16.0,4.0,12.0,27.0,14.0,13.0,7.0,5.0,2.0,6.0,6.0,0.0,29.0,16.0,13.0,83.0,94.0,-11.0,32.0,35.0,-3.0,38.55,37.23,1.3200000000000003,1.0,0.0,1.0,0.0,1.0,-1.0,8.0,13.0,-5.0,1.0,4.0,-3.0,12.5,30.77,-18.27,94.0,83.0,11.0,59.0,51.0,8.0,62.77,61.45,1.3200000000000003,35.0,35.0,0.0,20.0,10.0,10.0,57.14,28.57,28.57,5.0,3.0,2.0,4.0,2.0,2.0,80.0,66.67,13.329999999999998,40.0,40.0,0.0,9.0,22.0,-13.0,20.0,18.0,2.0,2.0,3.0,-1.0,0.0,0.0,0.0,121.0,140.0,-19.0,90.0,95.0,-5.0,74.38,67.86,6.519999999999996,50.0,61.0,-11.0,49.0,57.0,-8.0,98.0,93.44,4.560000000000002,122.0,152.0,-30.0,101.0,126.0,-25.0,82.79,82.89,-0.09999999999999432,32.0,52.0,-20.0,13.0,26.0,-13.0,40.63,50.0,-9.369999999999997,42.0,40.0,2.0,29.0,25.0,4.0,69.05,62.5,6.549999999999997,57.0,85.0,-28.0,46.0,40.0,6.0,80.7,47.06,33.64,1.0,0.0,1.0,0.0,0.0,0.0,0.0,0.0,0.0,29.0,27.0,2.0,21.0,24.0,-3.0,72.41,88.89,-16.480000000000004,8.0,8.0,0.0,14.41,17.21,-2.8000000000000007,3.04,3.55,-0.5099999999999998,9.14,12.12,-2.9799999999999986,18.18,18.61,-0.4299999999999997,19.34,18.57,0.7699999999999996,6.52,9.26,-2.74,Win
2025,2025-09-14,Creighton Bluejays - Oral Roberts Golden Eagles 3:0,Oral Roberts Golden Eagles,3.0,0.0,3.0,4.29,0.84,3.45,18.0,11.0,7.0,8.0,2.0,6.0,44.44,18.18,26.259999999999998,488.0,375.0,113.0,403.0,285.0,118.0,82.58,76.0,6.579999999999998,54.86,45.14,9.719999999999999,140.0,140.0,0.0,26.0,39.0,-13.0,40.0,52.0,-12.0,74.0,49.0,25.0,102.0,94.0,8.0,36.0,49.0,-13.0,36.0,33.0,3.0,30.0,12.0,18.0,203.0,203.0,0.0,106.0,92.0,14.0,52.22,45.32,6.899999999999999,6.0,2.0,4.0,2.0,0.0,2.0,33.33,0.0,33.33,48.0,25.0,23.0,12.0,5.0,7.0,25.0,20.0,5.0,0.0,0.0,0.0,0.0,0.0,0.0,0.0,0.0,0.0,15.0,28.0,-13.0,4.0,6.0,-2.0,26.67,21.43,5.240000000000002,3.0,6.0,-3.0,2.0,1.0,1.0,66.67,16.67,50.0,2.0,5.0,-3.0,0.0,3.0,-3.0,0.0,60.0,-60.0,1.0,0.0,1.0,1.0,0.0,1.0,100.0,0.0,100.0,16.0,18.0,-2.0,2.0,5.0,-3.0,12.5,27.78,-15.280000000000001,6.0,4.0,2.0,13.0,5.0,8.0,37.0,21.0,16.0,9.0,3.0,6.0,8.0,12.0,-4.0,30.0,21.0,9.0,67.0,82.0,-15.0,21.0,25.0,-4.0,31.34,30.49,0.8500000000000014,0.0,0.0,0.0,0.0,3.0,-3.0,11.0,18.0,-7.0,2.0,9.0,-7.0,18.18,50.0,-31.82,82.0,67.0,15.0,57.0,46.0,11.0,69.51,68.66,0.8500000000000085,45.0,45.0,0.0,24.0,17.0,7.0,53.33,37.78,15.549999999999997,7.0,4.0,3.0,3.0,3.0,0.0,42.86,75.0,-32.14,46.0,31.0,15.0,12.0,13.0,-1.0,13.0,7.0,6.0,1.0,1.0,0.0,0.0,0.0,0.0,164.0,135.0,29.0,115.0,88.0,27.0,70.12,65.19,4.930000000000007,60.0,49.0,11.0,55.0,44.0,11.0,91.67,89.8,1.8700000000000045,196.0,118.0,78.0,175.0,95.0,80.0,89.29,80.51,8.780000000000001,38.0,49.0,-11.0,21.0,27.0,-6.0,55.26,55.1,0.1599999999999966,71.0,41.0,30.0,55.0,26.0,29.0,77.46,63.41,14.049999999999997,90.0,78.0,12.0,70.0,38.0,32.0,77.78,48.72,29.060000000000002,0.0,1.0,-1.0,0.0,1.0,-1.0,0.0,100.0,-100.0,26.0,24.0,2.0,15.0,18.0,-3.0,57.69,75.0,-17.310000000000002,6.0,14.0,-8.0,17.01,15.89,1.120000000000001,4.24,3.21,1.0300000000000002,7.79,13.07,-5.28,16.27,15.09,1.1799999999999997,19.36,19.91,-0.5500000000000007,5.96,12.19,-6.2299999999999995,Win
2025,2025-09-11,Creighton Bluejays - Omaha Mavericks 3:2,Omaha Mavericks,3.0,2.0,1.0,1.82,0.75,1.07,15.0,11.0,4.0,6.0,5.0,1.0,40.0,45.45,-5.450000000000003,372.0,350.0,22.0,288.0,266.0,22.0,77.42,76.0,1.4200000000000017,52.0,48.0,4.0,139.0,142.0,-3.0,31.0,27.0,4.0,45.0,46.0,-1.0,63.0,69.0,-6.0,91.0,90.0,1.0,41.0,42.0,-1.0,35.0,35.0,0.0,15.0,13.0,2.0,259.0,259.0,0.0,129.0,118.0,11.0,49.81,45.56,4.25,7.0,6.0,1.0,1.0,2.0,-1.0,14.29,33.33,-19.04,37.0,37.0,0.0,9.0,6.0,3.0,24.32,16.22,8.100000000000001,2.0,0.0,2.0,2.0,0.0,2.0,100.0,0.0,100.0,30.0,33.0,-3.0,3.0,4.0,-1.0,10.0,12.12,-2.119999999999999,5.0,7.0,-2.0,0.0,0.0,0.0,0.0,0.0,0.0,3.0,5.0,-2.0,2.0,2.0,0.0,66.67,40.0,26.67,0.0,0.0,0.0,0.0,0.0,0.0,0.0,0.0,0.0,4.0,16.0,-12.0,0.0,4.0,-4.0,0.0,25.0,-25.0,0.0,4.0,-4.0,9.0,7.0,2.0,20.0,22.0,-2.0,6.0,5.0,1.0,2.0,9.0,-7.0,18.0,19.0,-1.0,84.0,91.0,-7.0,36.0,38.0,-2.0,42.86,41.76,1.1000000000000014,1.0,4.0,-3.0,2.0,3.0,-1.0,11.0,15.0,-4.0,5.0,6.0,-1.0,45.45,40.0,5.450000000000003,91.0,84.0,7.0,53.0,48.0,5.0,58.24,57.14,1.1000000000000014,40.0,40.0,0.0,19.0,14.0,5.0,47.5,35.0,12.5,9.0,1.0,8.0,3.0,0.0,3.0,33.33,0.0,33.33,46.0,45.0,1.0,27.0,11.0,16.0,22.0,13.0,9.0,3.0,3.0,0.0,0.0,0.0,0.0,133.0,132.0,1.0,84.0,86.0,-2.0,63.16,65.15,-1.990000000000009,51.0,47.0,4.0,50.0,41.0,9.0,98.04,87.23,10.810000000000002,132.0,126.0,6.0,113.0,104.0,9.0,85.61,82.54,3.069999999999993,40.0,52.0,-12.0,17.0,27.0,-10.0,42.5,51.92,-9.420000000000002,54.0,60.0,-6.0,31.0,41.0,-10.0,57.41,68.33,-10.920000000000002,75.0,80.0,-5.0,50.0,52.0,-2.0,66.67,65.0,1.6700000000000017,0.0,2.0,-2.0,0.0,2.0,-2.0,0.0,100.0,-100.0,27.0,32.0,-5.0,21.0,23.0,-2.0,77.78,71.88,5.900000000000006,10.0,10.0,0.0,15.63,15.93,-0.29999999999999893,2.74,2.54,0.20000000000000018,10.75,14.86,-4.109999999999999,19.96,19.35,0.6099999999999994,20.08,21.62,-1.5400000000000027,5.39,6.56,-1.17,Win
2025,2025-09-06,Creighton Bluejays - Denver Pioneers 2:0,Denver Pioneers,2.0,0.0,2.0,1.23,0.38,0.85,13.0,7.0,6.0,4.0,5.0,-1.0,30.77,71.43,-40.66000000000001,362.0,525.0,-163.0,301.0,455.0,-154.0,83.15,86.67,-3.519999999999996,40.45,59.55,-19.099999999999994,98.0,110.0,-12.0,14.0,22.0,-8.0,26.0,45.0,-19.0,58.0,43.0,15.0,73.0,75.0,-2.0,20.0,41.0,-21.0,42.0,27.0,15.0,11.0,7.0,4.0,209.0,209.0,0.0,112.0,88.0,24.0,53.59,42.11,11.480000000000004,4.0,3.0,1.0,0.0,2.0,-2.0,0.0,66.67,-66.67,34.0,26.0,8.0,9.0,5.0,4.0,26.47,19.23,7.239999999999998,0.0,1.0,-1.0,0.0,0.0,0.0,0.0,0.0,0.0,23.0,33.0,-10.0,4.0,2.0,2.0,17.39,6.06,11.330000000000002,5.0,4.0,1.0,1.0,1.0,0.0,20.0,25.0,-5.0,1.0,2.0,-1.0,1.0,0.0,1.0,100.0,0.0,100.0,0.0,0.0,0.0,0.0,0.0,0.0,0.0,0.0,0.0,11.0,8.0,3.0,6.0,5.0,1.0,54.55,62.5,-7.950000000000003,5.0,5.0,0.0,9.0,5.0,4.0,30.0,23.0,7.0,5.0,6.0,-1.0,5.0,7.0,-2.0,21.0,13.0,8.0,52.0,92.0,-40.0,24.0,27.0,-3.0,46.15,29.35,16.799999999999997,0.0,3.0,-3.0,0.0,2.0,-2.0,7.0,13.0,-6.0,5.0,4.0,1.0,71.43,30.77,40.66000000000001,92.0,52.0,40.0,65.0,28.0,37.0,70.65,53.85,16.800000000000004,36.0,36.0,0.0,15.0,16.0,-1.0,41.67,44.44,-2.769999999999996,5.0,1.0,4.0,3.0,1.0,2.0,60.0,100.0,-40.0,33.0,25.0,8.0,17.0,11.0,6.0,15.0,11.0,4.0,2.0,1.0,1.0,0.0,0.0,0.0,129.0,157.0,-28.0,89.0,120.0,-31.0,68.99,76.43,-7.440000000000012,55.0,81.0,-26.0,53.0,78.0,-25.0,96.36,96.3,0.060000000000002274,147.0,215.0,-68.0,133.0,198.0,-65.0,90.48,92.09,-1.6099999999999994,47.0,55.0,-8.0,23.0,31.0,-8.0,48.94,56.36,-7.420000000000002,64.0,45.0,19.0,42.0,29.0,13.0,65.63,64.44,1.1899999999999977,81.0,74.0,7.0,61.0,52.0,9.0,75.31,70.27,5.040000000000006,0.0,1.0,-1.0,0.0,0.0,0.0,0.0,0.0,0.0,21.0,35.0,-14.0,17.0,33.0,-16.0,80.95,94.29,-13.340000000000003,4.0,14.0,-10.0,16.21,15.96,0.25,3.38,4.45,-1.0700000000000003,12.98,10.48,2.5,16.86,17.27,-0.41000000000000014,21.78,18.77,3.0100000000000016,10.38,12.94,-2.5599999999999987,Win
2025,2025-09-02,Creighton Bluejays - Tulsa Hurricane 0:0,Tulsa Hurricane,0.0,0.0,0.0,1.09,0.52,0.5700000000000001,12.0,10.0,2.0,5.0,3.0,2.0,41.67,30.0,11.670000000000002,436.0,377.0,59.0,337.0,289.0,48.0,77.29,76.66,0.6300000000000097,55.27,44.73,10.540000000000006,136.0,153.0,-17.0,10.0,38.0,-28.0,41.0,66.0,-25.0,85.0,49.0,36.0,102.0,97.0,5.0,33.0,59.0,-26.0,48.0,32.0,16.0,21.0,6.0,15.0,223.0,223.0,0.0,115.0,103.0,12.0,51.57,46.19,5.380000000000003,3.0,7.0,-4.0,2.0,2.0,0.0,66.67,28.57,38.1,37.0,21.0,16.0,5.0,4.0,1.0,13.51,19.05,-5.540000000000001,0.0,0.0,0.0,0.0,0.0,0.0,0.0,0.0,0.0,29.0,40.0,-11.0,7.0,5.0,2.0,24.14,12.5,11.64,8.0,4.0,4.0,2.0,0.0,2.0,25.0,0.0,25.0,2.0,6.0,-4.0,0.0,1.0,-1.0,0.0,16.67,-16.67,0.0,0.0,0.0,0.0,0.0,0.0,0.0,0.0,0.0,18.0,7.0,11.0,4.0,2.0,2.0,22.22,28.57,-6.350000000000001,4.0,2.0,2.0,14.0,4.0,10.0,38.0,18.0,20.0,5.0,2.0,3.0,10.0,5.0,5.0,25.0,8.0,17.0,77.0,84.0,-7.0,34.0,33.0,1.0,44.16,39.29,4.869999999999997,3.0,1.0,2.0,0.0,0.0,0.0,10.0,12.0,-2.0,3.0,5.0,-2.0,30.0,41.67,-11.670000000000002,84.0,77.0,7.0,51.0,43.0,8.0,60.71,55.84,4.869999999999997,37.0,37.0,0.0,17.0,18.0,-1.0,45.95,48.65,-2.6999999999999957,3.0,5.0,-2.0,2.0,2.0,0.0,66.67,40.0,26.67,24.0,53.0,-29.0,15.0,14.0,1.0,22.0,14.0,8.0,3.0,1.0,2.0,0.0,0.0,0.0,156.0,156.0,0.0,109.0,99.0,10.0,69.87,63.46,6.410000000000004,72.0,56.0,16.0,63.0,53.0,10.0,87.5,94.64,-7.140000000000001,146.0,103.0,43.0,117.0,86.0,31.0,80.14,83.5,-3.3599999999999994,52.0,71.0,-19.0,31.0,34.0,-3.0,59.62,47.89,11.729999999999997,73.0,45.0,28.0,48.0,22.0,26.0,65.75,48.89,16.86,78.0,77.0,1.0,65.0,39.0,26.0,83.33,50.65,32.68,1.0,0.0,1.0,0.0,0.0,0.0,0.0,0.0,0.0,16.0,26.0,-10.0,14.0,23.0,-9.0,87.5,88.46,-0.9599999999999937,7.0,11.0,-4.0,15.75,16.82,-1.0700000000000003,3.57,2.97,0.5999999999999996,11.93,18.83,-6.899999999999999,17.05,22.14,-5.09,20.46,19.33,1.1300000000000026,7.85,10.52,-2.67,Draw
2025,2025-08-30,Michigan Wolverines - Creighton Bluejays 3:1,Michigan Wolverines,1.0,3.0,-2.0,1.14,2.25,-1.11,6.0,10.0,-4.0,2.0,5.0,-3.0,33.33,50.0,-16.67,425.0,327.0,98.0,347.0,249.0,98.0,81.65,76.15,5.5,54.5,45.5,9.0,146.0,138.0,8.0,23.0,21.0,2.0,59.0,70.0,-11.0,64.0,47.0,17.0,99.0,102.0,-3.0,36.0,46.0,-10.0,49.0,43.0,6.0,14.0,13.0,1.0,309.0,309.0,0.0,147.0,153.0,-6.0,47.57,49.51,-1.9399999999999977,4.0,1.0,3.0,0.0,0.0,0.0,0.0,0.0,0.0,34.0,26.0,8.0,3.0,4.0,-1.0,8.82,15.38,-6.5600000000000005,1.0,0.0,1.0,0.0,0.0,0.0,0.0,0.0,0.0,35.0,29.0,6.0,2.0,5.0,-3.0,5.71,17.24,-11.529999999999998,7.0,3.0,4.0,1.0,1.0,0.0,14.29,33.33,-19.04,3.0,4.0,-1.0,0.0,2.0,-2.0,0.0,50.0,-50.0,1.0,1.0,0.0,1.0,1.0,0.0,100.0,100.0,0.0,10.0,12.0,-2.0,3.0,6.0,-3.0,30.0,50.0,-20.0,3.0,6.0,-3.0,4.0,4.0,0.0,22.0,26.0,-4.0,5.0,9.0,-4.0,6.0,5.0,1.0,12.0,23.0,-11.0,128.0,110.0,18.0,51.0,46.0,5.0,39.84,41.82,-1.9799999999999969,1.0,2.0,-1.0,3.0,1.0,2.0,10.0,6.0,4.0,6.0,2.0,4.0,60.0,33.33,26.67,110.0,128.0,-18.0,64.0,77.0,-13.0,58.18,60.16,-1.9799999999999969,41.0,41.0,0.0,20.0,19.0,1.0,48.78,46.34,2.4399999999999977,8.0,10.0,-2.0,4.0,2.0,2.0,50.0,20.0,30.0,39.0,48.0,-9.0,10.0,29.0,-19.0,19.0,19.0,0.0,3.0,2.0,1.0,0.0,0.0,0.0,153.0,131.0,22.0,107.0,88.0,19.0,69.93,67.18,2.75,72.0,58.0,14.0,65.0,53.0,12.0,90.28,91.38,-1.0999999999999943,154.0,89.0,65.0,139.0,72.0,67.0,90.26,80.9,9.36,57.0,59.0,-2.0,33.0,28.0,5.0,57.89,47.46,10.43,66.0,46.0,20.0,48.0,30.0,18.0,72.73,65.22,7.510000000000005,88.0,73.0,15.0,66.0,53.0,13.0,75.0,72.6,2.4000000000000057,2.0,0.0,2.0,0.0,0.0,0.0,0.0,0.0,0.0,36.0,25.0,11.0,26.0,21.0,5.0,72.22,84.0,-11.780000000000001,7.0,7.0,0.0,14.87,13.71,1.1599999999999984,3.35,2.73,0.6200000000000001,13.41,18.04,-4.629999999999999,18.48,13.33,5.15,20.14,21.16,-1.0199999999999996,4.52,6.61,-2.0900000000000007,Loss
2025,2025-08-25,FIU Panthers - Creighton Bluejays 1:1,FIU Panthers,1.0,1.0,0.0,1.26,0.74,0.52,14.0,8.0,6.0,5.0,3.0,2.0,35.71,37.5,-1.7899999999999991,423.0,273.0,150.0,327.0,206.0,121.0,77.3,75.46,1.8400000000000034,55.38,44.62,10.760000000000005,119.0,139.0,-20.0,14.0,24.0,-10.0,40.0,57.0,-17.0,65.0,58.0,7.0,92.0,83.0,9.0,40.0,50.0,-10.0,41.0,25.0,16.0,11.0,8.0,3.0,221.0,221.0,0.0,125.0,89.0,36.0,56.56,40.27,16.29,8.0,5.0,3.0,2.0,1.0,1.0,25.0,20.0,5.0,32.0,21.0,11.0,10.0,6.0,4.0,31.25,28.57,2.6799999999999997,0.0,0.0,0.0,0.0,0.0,0.0,0.0,0.0,0.0,19.0,24.0,-5.0,3.0,2.0,1.0,15.79,8.33,7.459999999999999,3.0,3.0,0.0,1.0,1.0,0.0,33.33,33.33,0.0,2.0,2.0,0.0,0.0,0.0,0.0,0.0,0.0,0.0,0.0,0.0,0.0,0.0,0.0,0.0,0.0,0.0,0.0,13.0,10.0,3.0,4.0,4.0,0.0,30.77,40.0,-9.23,5.0,3.0,2.0,8.0,3.0,5.0,30.0,12.0,18.0,6.0,2.0,4.0,9.0,6.0,3.0,18.0,7.0,11.0,70.0,85.0,-15.0,30.0,21.0,9.0,42.86,24.71,18.15,1.0,0.0,1.0,1.0,1.0,0.0,8.0,14.0,-6.0,3.0,5.0,-2.0,37.5,35.71,1.7899999999999991,85.0,70.0,15.0,64.0,40.0,24.0,75.29,57.14,18.150000000000006,38.0,38.0,0.0,18.0,17.0,1.0,47.37,44.74,2.6299999999999955,8.0,4.0,4.0,5.0,2.0,3.0,62.5,50.0,12.5,28.0,34.0,-6.0,18.0,16.0,2.0,15.0,12.0,3.0,1.0,2.0,-1.0,1.0,2.0,-1.0,157.0,108.0,49.0,98.0,69.0,29.0,62.42,63.89,-1.4699999999999989,52.0,28.0,24.0,48.0,28.0,20.0,92.31,100.0,-7.689999999999998,159.0,101.0,58.0,140.0,85.0,55.0,88.05,84.16,3.8900000000000006,54.0,52.0,2.0,18.0,31.0,-13.0,33.33,59.62,-26.29,68.0,37.0,31.0,39.0,20.0,19.0,57.35,54.05,3.3000000000000043,77.0,59.0,18.0,48.0,36.0,12.0,62.34,61.02,1.3200000000000003,0.0,0.0,0.0,0.0,0.0,0.0,0.0,0.0,0.0,29.0,35.0,-6.0,26.0,31.0,-5.0,89.66,88.57,1.0900000000000034,4.0,11.0,-7.0,14.99,12.01,2.9800000000000004,3.74,2.35,1.3900000000000001,12.77,19.05,-6.280000000000001,21.1,18.43,2.6700000000000017,19.9,22.37,-2.4700000000000024,5.71,10.57,-4.86,Draw
2025,2025-08-22,FAU Owls - Creighton Bluejays 3:0,FAU Owls,0.0,3.0,-3.0,0.96,0.81,0.1499999999999999,16.0,12.0,4.0,7.0,4.0,3.0,43.75,33.33,10.420000000000002,457.0,351.0,106.0,381.0,264.0,117.0,83.37,75.21,8.16000000000001,53.72,46.28,7.439999999999998,126.0,141.0,-15.0,14.0,22.0,-8.0,43.0,55.0,-12.0,69.0,64.0,5.0,104.0,98.0,6.0,50.0,53.0,-3.0,35.0,35.0,0.0,19.0,10.0,9.0,248.0,248.0,0.0,117.0,126.0,-9.0,47.18,50.81,-3.6300000000000026,11.0,7.0,4.0,4.0,1.0,3.0,36.36,14.29,22.07,43.0,28.0,15.0,10.0,11.0,-1.0,23.26,39.29,-16.029999999999998,0.0,1.0,-1.0,0.0,0.0,0.0,0.0,0.0,0.0,26.0,22.0,4.0,3.0,1.0,2.0,11.54,4.55,6.989999999999999,4.0,3.0,1.0,1.0,0.0,1.0,25.0,0.0,25.0,4.0,3.0,1.0,0.0,0.0,0.0,0.0,0.0,0.0,0.0,0.0,0.0,0.0,0.0,0.0,0.0,0.0,0.0,13.0,12.0,1.0,5.0,4.0,1.0,38.46,33.33,5.130000000000003,5.0,4.0,1.0,5.0,3.0,2.0,24.0,15.0,9.0,5.0,4.0,1.0,8.0,5.0,3.0,11.0,12.0,-1.0,97.0,74.0,23.0,35.0,25.0,10.0,36.08,33.78,2.299999999999997,0.0,1.0,-1.0,3.0,0.0,3.0,12.0,16.0,-4.0,4.0,8.0,-4.0,33.33,50.0,-16.67,74.0,97.0,-23.0,49.0,62.0,-13.0,66.22,63.92,2.299999999999997,50.0,50.0,0.0,21.0,26.0,-5.0,42.0,52.0,-10.0,7.0,4.0,3.0,4.0,4.0,0.0,57.14,100.0,-42.86,36.0,46.0,-10.0,13.0,16.0,-3.0,12.0,16.0,-4.0,5.0,0.0,5.0,1.0,0.0,1.0,171.0,138.0,33.0,129.0,85.0,44.0,75.44,61.59,13.849999999999994,55.0,61.0,-6.0,48.0,57.0,-9.0,87.27,93.44,-6.170000000000002,182.0,113.0,69.0,163.0,90.0,73.0,89.56,79.65,9.909999999999997,41.0,82.0,-41.0,24.0,44.0,-20.0,58.54,53.66,4.880000000000003,74.0,58.0,16.0,51.0,34.0,17.0,68.92,58.62,10.300000000000004,86.0,83.0,3.0,69.0,55.0,14.0,80.23,66.27,13.960000000000008,1.0,1.0,0.0,0.0,1.0,-1.0,0.0,100.0,-100.0,22.0,31.0,-9.0,18.0,25.0,-7.0,81.82,80.65,1.1699999999999875,5.0,11.0,-6.0,16.64,14.83,1.8100000000000005,3.49,2.74,0.75,8.97,23.36,-14.389999999999999,21.5,21.22,0.28000000000000114,19.5,23.44,-3.9400000000000013,6.84,12.92,-6.08,Loss
